-- MySQL dump 10.13  Distrib 5.7.23, for Linux (x86_64)
--
-- Host: localhost    Database: restaurant46
-- ------------------------------------------------------
-- Server version	5.7.23-0ubuntu0.16.04.1

/*!40101 SET @OLD_CHARACTER_SET_CLIENT=@@CHARACTER_SET_CLIENT */;
/*!40101 SET @OLD_CHARACTER_SET_RESULTS=@@CHARACTER_SET_RESULTS */;
/*!40101 SET @OLD_COLLATION_CONNECTION=@@COLLATION_CONNECTION */;
/*!40101 SET NAMES utf8 */;
/*!40103 SET @OLD_TIME_ZONE=@@TIME_ZONE */;
/*!40103 SET TIME_ZONE='+00:00' */;
/*!40014 SET @OLD_UNIQUE_CHECKS=@@UNIQUE_CHECKS, UNIQUE_CHECKS=0 */;
/*!40014 SET @OLD_FOREIGN_KEY_CHECKS=@@FOREIGN_KEY_CHECKS, FOREIGN_KEY_CHECKS=0 */;
/*!40101 SET @OLD_SQL_MODE=@@SQL_MODE, SQL_MODE='NO_AUTO_VALUE_ON_ZERO' */;
/*!40111 SET @OLD_SQL_NOTES=@@SQL_NOTES, SQL_NOTES=0 */;

--
-- Table structure for table `admin_users`
--

DROP TABLE IF EXISTS `admin_users`;
/*!40101 SET @saved_cs_client     = @@character_set_client */;
/*!40101 SET character_set_client = utf8 */;
CREATE TABLE `admin_users` (
  `id` bigint(20) NOT NULL AUTO_INCREMENT,
  `user_name` varchar(255) NOT NULL DEFAULT '',
  `email` varchar(255) NOT NULL DEFAULT '',
  `encrypted_password` varchar(255) NOT NULL DEFAULT '',
  `permission` int(11) NOT NULL DEFAULT '0',
  `remember_created_at` datetime DEFAULT NULL,
  `created_at` datetime NOT NULL,
  `updated_at` datetime NOT NULL,
  PRIMARY KEY (`id`),
  UNIQUE KEY `index_admin_users_on_user_name` (`user_name`),
  UNIQUE KEY `index_admin_users_on_email` (`email`)
) ENGINE=InnoDB AUTO_INCREMENT=3 DEFAULT CHARSET=utf8;
/*!40101 SET character_set_client = @saved_cs_client */;

--
-- Dumping data for table `admin_users`
--

LOCK TABLES `admin_users` WRITE;
/*!40000 ALTER TABLE `admin_users` DISABLE KEYS */;
INSERT INTO `admin_users` VALUES (1,'admin','admin@example.com','$2a$11$m8evBBCH08BlifR8OQ63YO7JF5gnkv776X9I9YqKYJB7ATac9bVXW',1,NULL,'2018-06-21 03:13:06','2018-06-21 03:13:06'),(2,'framgia','framgia@framgia.framgia','$2a$11$ogAobFzps4xPM5jd2Ez58ecun/USzFmU1hzVjKLNF9oGsU2iu6H4q',0,NULL,'2018-06-21 03:13:06','2018-06-21 03:13:06');
/*!40000 ALTER TABLE `admin_users` ENABLE KEYS */;
UNLOCK TABLES;

--
-- Table structure for table `ar_internal_metadata`
--

DROP TABLE IF EXISTS `ar_internal_metadata`;
/*!40101 SET @saved_cs_client     = @@character_set_client */;
/*!40101 SET character_set_client = utf8 */;
CREATE TABLE `ar_internal_metadata` (
  `key` varchar(255) NOT NULL,
  `value` varchar(255) DEFAULT NULL,
  `created_at` datetime NOT NULL,
  `updated_at` datetime NOT NULL,
  PRIMARY KEY (`key`)
) ENGINE=InnoDB DEFAULT CHARSET=utf8;
/*!40101 SET character_set_client = @saved_cs_client */;

--
-- Dumping data for table `ar_internal_metadata`
--

LOCK TABLES `ar_internal_metadata` WRITE;
/*!40000 ALTER TABLE `ar_internal_metadata` DISABLE KEYS */;
INSERT INTO `ar_internal_metadata` VALUES ('environment','development','2018-06-21 03:13:01','2018-06-21 03:13:01');
/*!40000 ALTER TABLE `ar_internal_metadata` ENABLE KEYS */;
UNLOCK TABLES;

--
-- Table structure for table `bills`
--

DROP TABLE IF EXISTS `bills`;
/*!40101 SET @saved_cs_client     = @@character_set_client */;
/*!40101 SET character_set_client = utf8 */;
CREATE TABLE `bills` (
  `id` int(11) NOT NULL AUTO_INCREMENT,
  `total_amount` int(11) DEFAULT NULL,
  `note` varchar(255) DEFAULT NULL,
  `booking_id` int(11) DEFAULT NULL,
  `customer_id` int(11) DEFAULT NULL,
  `created_at` datetime NOT NULL,
  `updated_at` datetime NOT NULL,
  PRIMARY KEY (`id`),
  KEY `index_bills_on_booking_id` (`booking_id`),
  KEY `index_bills_on_customer_id` (`customer_id`),
  CONSTRAINT `fk_rails_b518391720` FOREIGN KEY (`booking_id`) REFERENCES `bookings` (`id`),
  CONSTRAINT `fk_rails_eddd950160` FOREIGN KEY (`customer_id`) REFERENCES `customers` (`id`)
) ENGINE=InnoDB DEFAULT CHARSET=utf8;
/*!40101 SET character_set_client = @saved_cs_client */;

--
-- Dumping data for table `bills`
--

LOCK TABLES `bills` WRITE;
/*!40000 ALTER TABLE `bills` DISABLE KEYS */;
/*!40000 ALTER TABLE `bills` ENABLE KEYS */;
UNLOCK TABLES;

--
-- Table structure for table `booking_details`
--

DROP TABLE IF EXISTS `booking_details`;
/*!40101 SET @saved_cs_client     = @@character_set_client */;
/*!40101 SET character_set_client = utf8 */;
CREATE TABLE `booking_details` (
  `id` int(11) NOT NULL AUTO_INCREMENT,
  `price` int(11) DEFAULT NULL,
  `quantity` int(11) DEFAULT NULL,
  `booking_id` int(11) DEFAULT NULL,
  `dish_id` int(11) DEFAULT NULL,
  `created_at` datetime NOT NULL,
  `updated_at` datetime NOT NULL,
  PRIMARY KEY (`id`),
  KEY `index_booking_details_on_booking_id` (`booking_id`),
  KEY `index_booking_details_on_dish_id` (`dish_id`),
  CONSTRAINT `fk_rails_4a93e3cfaa` FOREIGN KEY (`dish_id`) REFERENCES `dishes` (`id`),
  CONSTRAINT `fk_rails_f23c8fbe84` FOREIGN KEY (`booking_id`) REFERENCES `bookings` (`id`)
) ENGINE=InnoDB AUTO_INCREMENT=57 DEFAULT CHARSET=utf8;
/*!40101 SET character_set_client = @saved_cs_client */;

--
-- Dumping data for table `booking_details`
--

LOCK TABLES `booking_details` WRITE;
/*!40000 ALTER TABLE `booking_details` DISABLE KEYS */;
INSERT INTO `booking_details` VALUES (1,318,1,1,1,'2018-06-21 03:15:10','2018-06-21 03:15:10'),(2,101,1,1,2,'2018-06-21 03:15:10','2018-06-21 03:15:10'),(3,97,1,1,3,'2018-06-21 03:15:10','2018-06-21 03:15:10'),(4,431,1,1,4,'2018-06-21 03:15:10','2018-06-21 03:15:10'),(5,318,1,2,1,'2018-06-21 03:15:10','2018-06-21 03:15:10'),(6,101,1,2,2,'2018-06-21 03:15:10','2018-06-21 03:15:10'),(7,97,1,2,3,'2018-06-21 03:15:10','2018-06-21 03:15:10'),(8,431,1,2,4,'2018-06-21 03:15:10','2018-06-21 03:15:10'),(9,318,1,3,1,'2018-06-21 03:15:10','2018-06-21 03:15:10'),(10,101,1,3,2,'2018-06-21 03:15:10','2018-06-21 03:15:10'),(11,97,1,3,3,'2018-06-21 03:15:10','2018-06-21 03:15:10'),(12,431,1,3,4,'2018-06-21 03:15:10','2018-06-21 03:15:10'),(13,318,1,4,1,'2018-06-21 03:15:10','2018-06-21 03:15:10'),(14,101,1,4,2,'2018-06-21 03:15:10','2018-06-21 03:15:10'),(15,97,1,4,3,'2018-06-21 03:15:10','2018-06-21 03:15:10'),(16,431,1,4,4,'2018-06-21 03:15:10','2018-06-21 03:15:10'),(17,318,1,5,1,'2018-06-21 03:15:10','2018-06-21 03:15:10'),(18,101,1,5,2,'2018-06-21 03:15:10','2018-06-21 03:15:10'),(19,97,1,5,3,'2018-06-21 03:15:10','2018-06-21 03:15:10'),(20,431,1,5,4,'2018-06-21 03:15:10','2018-06-21 03:15:10'),(21,318,1,6,1,'2018-06-21 03:15:10','2018-06-21 03:15:10'),(22,101,1,6,2,'2018-06-21 03:15:10','2018-06-21 03:15:10'),(23,97,1,6,3,'2018-06-21 03:15:10','2018-06-21 03:15:10'),(24,431,1,6,4,'2018-06-21 03:15:10','2018-06-21 03:15:10'),(25,318,1,7,1,'2018-06-21 03:15:10','2018-06-21 03:15:10'),(26,101,1,7,2,'2018-06-21 03:15:10','2018-06-21 03:15:10'),(27,97,1,7,3,'2018-06-21 03:15:10','2018-06-21 03:15:10'),(28,431,1,7,4,'2018-06-21 03:15:10','2018-06-21 03:15:10'),(29,318,1,8,1,'2018-06-21 03:15:10','2018-06-21 03:15:10'),(30,101,1,8,2,'2018-06-21 03:15:10','2018-06-21 03:15:10'),(31,97,1,8,3,'2018-06-21 03:15:10','2018-06-21 03:15:10'),(32,431,1,8,4,'2018-06-21 03:15:10','2018-06-21 03:15:10'),(33,318,1,9,1,'2018-06-21 03:15:10','2018-06-21 03:15:10'),(34,101,1,9,2,'2018-06-21 03:15:10','2018-06-21 03:15:10'),(35,97,1,9,3,'2018-06-21 03:15:10','2018-06-21 03:15:10'),(36,431,1,9,4,'2018-06-21 03:15:10','2018-06-21 03:15:10'),(37,318,1,10,1,'2018-06-21 03:15:10','2018-06-21 03:15:10'),(38,101,1,10,2,'2018-06-21 03:15:10','2018-06-21 03:15:10'),(39,97,1,10,3,'2018-06-21 03:15:10','2018-06-21 03:15:10'),(40,431,1,10,4,'2018-06-21 03:15:10','2018-06-21 03:15:10'),(41,318,1,11,1,'2018-06-21 03:15:10','2018-06-21 03:15:10'),(42,101,1,11,2,'2018-06-21 03:15:10','2018-06-21 03:15:10'),(43,97,1,11,3,'2018-06-21 03:15:10','2018-06-21 03:15:10'),(44,431,1,11,4,'2018-06-21 03:15:10','2018-06-21 03:15:10'),(45,318,1,12,1,'2018-06-21 03:15:10','2018-06-21 03:15:10'),(46,101,1,12,2,'2018-06-21 03:15:10','2018-06-21 03:15:10'),(47,97,1,12,3,'2018-06-21 03:15:10','2018-06-21 03:15:10'),(48,431,1,12,4,'2018-06-21 03:15:10','2018-06-21 03:15:10'),(49,101,1,13,2,'2018-06-21 04:30:55','2018-06-21 04:30:55'),(50,232,1,13,21,'2018-06-21 04:30:55','2018-06-21 04:30:55'),(51,318,1,13,1,'2018-06-21 04:30:55','2018-06-21 04:30:55'),(52,101,2,14,2,'2018-06-21 07:26:23','2018-06-21 07:26:23'),(53,424,2,15,22,'2018-06-27 02:14:04','2018-06-27 02:14:04'),(54,232,1,15,21,'2018-06-27 02:14:04','2018-06-27 02:14:04'),(55,288,20,16,34,'2018-07-02 03:45:46','2018-07-02 03:45:46'),(56,8,1,16,24,'2018-07-02 03:45:46','2018-07-02 03:45:46');
/*!40000 ALTER TABLE `booking_details` ENABLE KEYS */;
UNLOCK TABLES;

--
-- Table structure for table `bookings`
--

DROP TABLE IF EXISTS `bookings`;
/*!40101 SET @saved_cs_client     = @@character_set_client */;
/*!40101 SET character_set_client = utf8 */;
CREATE TABLE `bookings` (
  `id` int(11) NOT NULL AUTO_INCREMENT,
  `time_start` datetime DEFAULT NULL,
  `time_end` datetime DEFAULT NULL,
  `price_table` int(11) DEFAULT NULL,
  `status` int(11) DEFAULT NULL,
  `table_id` int(11) DEFAULT NULL,
  `user_id` int(11) DEFAULT NULL,
  `created_at` datetime NOT NULL,
  `updated_at` datetime NOT NULL,
  PRIMARY KEY (`id`),
  KEY `index_bookings_on_table_id` (`table_id`),
  KEY `index_bookings_on_user_id` (`user_id`),
  CONSTRAINT `fk_rails_93e1395b7b` FOREIGN KEY (`table_id`) REFERENCES `tables` (`id`),
  CONSTRAINT `fk_rails_ef0571f117` FOREIGN KEY (`user_id`) REFERENCES `users` (`id`)
) ENGINE=InnoDB AUTO_INCREMENT=17 DEFAULT CHARSET=utf8;
/*!40101 SET character_set_client = @saved_cs_client */;

--
-- Dumping data for table `bookings`
--

LOCK TABLES `bookings` WRITE;
/*!40000 ALTER TABLE `bookings` DISABLE KEYS */;
INSERT INTO `bookings` VALUES (1,'2018-06-22 18:15:00','2018-06-22 20:15:00',2,1,1,1,'2018-06-21 03:15:10','2018-06-21 03:15:10'),(2,'2018-06-22 18:15:00','2018-06-22 20:15:00',2,1,2,2,'2018-06-21 03:15:10','2018-06-21 03:15:10'),(3,'2018-06-22 18:15:00','2018-06-22 20:15:00',2,1,3,3,'2018-06-21 03:15:10','2018-06-21 03:15:10'),(4,'2018-06-22 18:15:00','2018-06-22 20:15:00',2,1,4,4,'2018-06-21 03:15:10','2018-06-21 03:15:10'),(5,'2018-06-22 18:15:00','2018-06-22 20:15:00',4,1,5,5,'2018-06-21 03:15:10','2018-06-21 03:15:10'),(6,'2018-06-22 18:15:00','2018-06-22 20:15:00',4,1,6,6,'2018-06-21 03:15:10','2018-06-21 03:15:10'),(7,'2018-06-22 18:15:00','2018-06-22 20:15:00',4,1,7,7,'2018-06-21 03:15:10','2018-06-21 03:15:10'),(8,'2018-06-22 18:15:00','2018-06-22 20:15:00',4,1,8,8,'2018-06-21 03:15:10','2018-06-21 03:15:10'),(9,'2018-06-22 18:15:00','2018-06-22 20:15:00',6,1,9,9,'2018-06-21 03:15:10','2018-06-21 03:15:10'),(10,'2018-06-22 18:15:00','2018-06-22 20:15:00',6,1,10,10,'2018-06-21 03:15:10','2018-06-21 03:15:10'),(11,'2018-06-22 18:15:00','2018-06-22 20:15:00',6,1,11,11,'2018-06-21 03:15:10','2018-06-21 03:15:10'),(12,'2018-06-22 18:15:00','2018-06-22 20:15:00',6,1,12,12,'2018-06-21 03:15:10','2018-06-21 03:15:10'),(13,'2018-06-21 09:20:00',NULL,8,1,13,32,'2018-06-21 04:30:55','2018-06-21 04:30:55'),(14,'2018-06-14 00:00:00',NULL,4,1,5,32,'2018-06-21 07:26:23','2018-06-21 07:26:23'),(15,'2018-06-28 03:03:00',NULL,12,1,21,32,'2018-06-27 02:14:04','2018-06-27 02:14:04'),(16,'2018-07-02 20:08:00',NULL,2,1,2,32,'2018-07-02 03:45:46','2018-07-02 03:45:46');
/*!40000 ALTER TABLE `bookings` ENABLE KEYS */;
UNLOCK TABLES;

--
-- Table structure for table `categories`
--

DROP TABLE IF EXISTS `categories`;
/*!40101 SET @saved_cs_client     = @@character_set_client */;
/*!40101 SET character_set_client = utf8 */;
CREATE TABLE `categories` (
  `id` int(11) NOT NULL AUTO_INCREMENT,
  `name` varchar(255) DEFAULT NULL,
  `created_at` datetime NOT NULL,
  `updated_at` datetime NOT NULL,
  `slug` varchar(255) DEFAULT NULL,
  PRIMARY KEY (`id`),
  UNIQUE KEY `index_categories_on_slug` (`slug`)
) ENGINE=InnoDB AUTO_INCREMENT=9 DEFAULT CHARSET=utf8;
/*!40101 SET character_set_client = @saved_cs_client */;

--
-- Dumping data for table `categories`
--

LOCK TABLES `categories` WRITE;
/*!40000 ALTER TABLE `categories` DISABLE KEYS */;
INSERT INTO `categories` VALUES (1,'breads','2018-06-21 03:15:08','2018-06-21 03:15:08','breads'),(2,'fruits','2018-06-21 03:15:08','2018-06-21 03:15:08','fruits'),(3,'vegeCategorys','2018-06-21 03:15:08','2018-06-21 03:15:08','vegecategorys'),(4,'dairy foods','2018-06-21 03:15:08','2018-06-21 03:15:08','dairy-foods'),(5,'meat','2018-06-21 03:15:08','2018-06-21 03:15:08','meat'),(6,'snacks','2018-06-21 03:15:08','2018-06-21 03:15:08','snacks'),(7,'candy','2018-06-21 03:15:08','2018-06-21 03:15:08','candy'),(8,'cereals','2018-06-21 03:15:08','2018-06-21 03:15:08','cereals');
/*!40000 ALTER TABLE `categories` ENABLE KEYS */;
UNLOCK TABLES;

--
-- Table structure for table `contacts`
--

DROP TABLE IF EXISTS `contacts`;
/*!40101 SET @saved_cs_client     = @@character_set_client */;
/*!40101 SET character_set_client = utf8 */;
CREATE TABLE `contacts` (
  `id` int(11) NOT NULL AUTO_INCREMENT,
  `first_name` varchar(255) DEFAULT NULL,
  `last_name` varchar(255) DEFAULT NULL,
  `email` varchar(255) DEFAULT NULL,
  `subject` varchar(255) DEFAULT NULL,
  `message` text,
  `created_at` datetime NOT NULL,
  `updated_at` datetime NOT NULL,
  PRIMARY KEY (`id`)
) ENGINE=InnoDB AUTO_INCREMENT=11 DEFAULT CHARSET=utf8;
/*!40101 SET character_set_client = @saved_cs_client */;

--
-- Dumping data for table `contacts`
--

LOCK TABLES `contacts` WRITE;
/*!40000 ALTER TABLE `contacts` DISABLE KEYS */;
INSERT INTO `contacts` VALUES (1,'Lavonne','Casper','susana_morar@greenholtpagac.name','Vegetable Soup','[\"Eum voluptates magnam inventore earum in.\", \"Necessitatibus velit quia quia autem.\", \"Distinctio consequatur reiciendis rerum ut saepe sit rerum.\"]','2018-06-21 03:15:10','2018-06-21 03:15:10'),(2,'Catharine','Trantow','martina@fadel.biz','Meatballs with sauce','[\"Rerum sint eos laborum nulla et.\", \"Aut molestias ducimus suscipit eaque voluptatem.\", \"Quidem laudantium aspernatur.\"]','2018-06-21 03:15:10','2018-06-21 03:15:10'),(3,'Darrel','Gislason','stone_hamill@bahringerborer.co','Mushroom Risotto','[\"Facilis consequatur maxime voluptatem minima.\", \"Vel et fuga deleniti at.\", \"Nesciunt modi omnis quasi animi voluptatum.\"]','2018-06-21 03:15:10','2018-06-21 03:15:10'),(4,'Paxton','Predovic','sedrick@swaniawski.io','Meatballs with sauce','[\"Officiis quam omnis ut et sunt.\", \"Possimus voluptatem molestiae numquam sint.\", \"Autem nihil enim rerum.\"]','2018-06-21 03:15:10','2018-06-21 03:15:10'),(5,'Jay','Franecki','mariano@balistreri.name','Scotch eggs','[\"Aut consectetur vero magnam.\", \"Molestias nihil eos modi labore dignissimos officiis.\", \"Rem est dolorem saepe eius aliquid inventore.\"]','2018-06-21 03:15:10','2018-06-21 03:15:10'),(6,'Russ','Hettinger','cynthia@walkerharvey.name','Meatballs with sauce','[\"Eveniet aperiam facere omnis quae rerum accusamus voluptatem.\", \"Eligendi voluptates quia dolores omnis.\", \"Omnis dolorem ad doloribus nostrum.\"]','2018-06-21 03:15:10','2018-06-21 03:15:10'),(7,'Tad','Ebert','beulah@effertz.co','Pappardelle alla Bolognese','[\"Sed beatae quis et possimus ea deleniti.\", \"Omnis reprehenderit inventore vel perferendis.\", \"Ullam pariatur placeat aut voluptates ut.\"]','2018-06-21 03:15:10','2018-06-21 03:15:10'),(8,'Justine','Simonis','helmer.morar@ankundinggulgowski.io','Pork belly buns','[\"Ducimus et non quos qui similique soluta accusamus.\", \"Corporis eum aliquid laborum molestiae dolores.\", \"Et occaecati maiores.\"]','2018-06-21 03:15:10','2018-06-21 03:15:10'),(9,'Preston','Dickens','emma_cummings@dare.com','Vegetable Soup','[\"Distinctio voluptatem soluta accusantium eius molestiae quidem.\", \"Reiciendis quis ab.\", \"Quis id est nulla minima corporis eum.\"]','2018-06-21 03:15:10','2018-06-21 03:15:10'),(10,'Elva','Dickinson','jerome@kunze.org','Salmon nigiri','[\"Repellendus error dolorem consequatur ut.\", \"Delectus et qui omnis.\", \"Quia qui qui.\"]','2018-06-21 03:15:10','2018-06-21 03:15:10');
/*!40000 ALTER TABLE `contacts` ENABLE KEYS */;
UNLOCK TABLES;

--
-- Table structure for table `customers`
--

DROP TABLE IF EXISTS `customers`;
/*!40101 SET @saved_cs_client     = @@character_set_client */;
/*!40101 SET character_set_client = utf8 */;
CREATE TABLE `customers` (
  `id` int(11) NOT NULL AUTO_INCREMENT,
  `name` varchar(255) DEFAULT NULL,
  `address` varchar(255) DEFAULT NULL,
  `phone` varchar(255) DEFAULT NULL,
  `email` varchar(255) DEFAULT NULL,
  `created_at` datetime NOT NULL,
  `updated_at` datetime NOT NULL,
  PRIMARY KEY (`id`)
) ENGINE=InnoDB DEFAULT CHARSET=utf8;
/*!40101 SET character_set_client = @saved_cs_client */;

--
-- Dumping data for table `customers`
--

LOCK TABLES `customers` WRITE;
/*!40000 ALTER TABLE `customers` DISABLE KEYS */;
/*!40000 ALTER TABLE `customers` ENABLE KEYS */;
UNLOCK TABLES;

--
-- Table structure for table `dishes`
--

DROP TABLE IF EXISTS `dishes`;
/*!40101 SET @saved_cs_client     = @@character_set_client */;
/*!40101 SET character_set_client = utf8 */;
CREATE TABLE `dishes` (
  `id` int(11) NOT NULL AUTO_INCREMENT,
  `name` varchar(255) DEFAULT NULL,
  `price` int(11) DEFAULT NULL,
  `description` text,
  `category_id` int(11) DEFAULT NULL,
  `created_at` datetime NOT NULL,
  `updated_at` datetime NOT NULL,
  `rate_avg` float NOT NULL DEFAULT '0',
  PRIMARY KEY (`id`),
  KEY `index_dishes_on_category_id` (`category_id`),
  CONSTRAINT `fk_rails_07f79d0f12` FOREIGN KEY (`category_id`) REFERENCES `categories` (`id`)
) ENGINE=InnoDB AUTO_INCREMENT=81 DEFAULT CHARSET=utf8;
/*!40101 SET character_set_client = @saved_cs_client */;

--
-- Dumping data for table `dishes`
--

LOCK TABLES `dishes` WRITE;
/*!40000 ALTER TABLE `dishes` DISABLE KEYS */;
INSERT INTO `dishes` VALUES (1,'Chicken milanese',318,'Oh-My-Zsh is an open source, community-driven framework for managing your ZSH configuration. It comes bundled with a ton of helpful functions, helpers, plugins, themes, and a few things that make you shout...',1,'2018-06-21 03:15:08','2018-06-21 03:15:08',5),(2,'Bruschette with Tomato',101,'Oh-My-Zsh is an open source, community-driven framework for managing your ZSH configuration. It comes bundled with a ton of helpful functions, helpers, plugins, themes, and a few things that make you shout...',7,'2018-06-21 03:15:08','2018-06-21 03:15:08',3),(3,'Meatballs with sauce',97,'Oh-My-Zsh is an open source, community-driven framework for managing your ZSH configuration. It comes bundled with a ton of helpful functions, helpers, plugins, themes, and a few things that make you shout...',8,'2018-06-21 03:15:08','2018-06-21 03:15:08',5),(4,'Pasta Carbonara',431,'Oh-My-Zsh is an open source, community-driven framework for managing your ZSH configuration. It comes bundled with a ton of helpful functions, helpers, plugins, themes, and a few things that make you shout...',4,'2018-06-21 03:15:08','2018-06-27 01:44:46',5),(5,'Lasagne',482,'Oh-My-Zsh is an open source, community-driven framework for managing your ZSH configuration. It comes bundled with a ton of helpful functions, helpers, plugins, themes, and a few things that make you shout...',2,'2018-06-21 03:15:08','2018-06-21 03:15:08',3),(6,'Souvlaki',161,'Oh-My-Zsh is an open source, community-driven framework for managing your ZSH configuration. It comes bundled with a ton of helpful functions, helpers, plugins, themes, and a few things that make you shout...',5,'2018-06-21 03:15:08','2018-06-21 03:15:08',5),(7,'Chicken wings',115,'Oh-My-Zsh is an open source, community-driven framework for managing your ZSH configuration. It comes bundled with a ton of helpful functions, helpers, plugins, themes, and a few things that make you shout...',6,'2018-06-21 03:15:08','2018-06-21 03:15:08',5),(8,'Risotto with seafood',93,'Oh-My-Zsh is an open source, community-driven framework for managing your ZSH configuration. It comes bundled with a ton of helpful functions, helpers, plugins, themes, and a few things that make you shout...',3,'2018-06-21 03:15:08','2018-06-21 03:15:08',2),(9,'Risotto with seafood',424,'Oh-My-Zsh is an open source, community-driven framework for managing your ZSH configuration. It comes bundled with a ton of helpful functions, helpers, plugins, themes, and a few things that make you shout...',1,'2018-06-21 03:15:08','2018-06-21 03:15:08',5),(10,'Salmon nigiri',289,'Oh-My-Zsh is an open source, community-driven framework for managing your ZSH configuration. It comes bundled with a ton of helpful functions, helpers, plugins, themes, and a few things that make you shout...',7,'2018-06-21 03:15:08','2018-06-21 03:15:08',1),(11,'Cheeseburger',371,'Oh-My-Zsh is an open source, community-driven framework for managing your ZSH configuration. It comes bundled with a ton of helpful functions, helpers, plugins, themes, and a few things that make you shout...',8,'2018-06-21 03:15:08','2018-06-21 03:15:08',2),(12,'Ebiten maki',156,'Oh-My-Zsh is an open source, community-driven framework for managing your ZSH configuration. It comes bundled with a ton of helpful functions, helpers, plugins, themes, and a few things that make you shout...',4,'2018-06-21 03:15:08','2018-06-21 03:15:08',5),(13,'Pasta Carbonara',284,'Oh-My-Zsh is an open source, community-driven framework for managing your ZSH configuration. It comes bundled with a ton of helpful functions, helpers, plugins, themes, and a few things that make you shout...',2,'2018-06-21 03:15:08','2018-06-21 03:15:08',5),(14,'Pasta Carbonara',349,'Oh-My-Zsh is an open source, community-driven framework for managing your ZSH configuration. It comes bundled with a ton of helpful functions, helpers, plugins, themes, and a few things that make you shout...',5,'2018-06-21 03:15:08','2018-06-21 03:15:08',4),(15,'Caprese Salad',337,'Oh-My-Zsh is an open source, community-driven framework for managing your ZSH configuration. It comes bundled with a ton of helpful functions, helpers, plugins, themes, and a few things that make you shout...',6,'2018-06-21 03:15:08','2018-06-21 03:15:08',5),(16,'Linguine with clams',360,'Oh-My-Zsh is an open source, community-driven framework for managing your ZSH configuration. It comes bundled with a ton of helpful functions, helpers, plugins, themes, and a few things that make you shout...',3,'2018-06-21 03:15:08','2018-06-21 03:15:08',3),(17,'Chicken Fajitas',38,'Oh-My-Zsh is an open source, community-driven framework for managing your ZSH configuration. It comes bundled with a ton of helpful functions, helpers, plugins, themes, and a few things that make you shout...',1,'2018-06-21 03:15:08','2018-06-21 03:15:08',3),(18,'Chicken wings',254,'Oh-My-Zsh is an open source, community-driven framework for managing your ZSH configuration. It comes bundled with a ton of helpful functions, helpers, plugins, themes, and a few things that make you shout...',7,'2018-06-21 03:15:09','2018-06-21 03:15:09',5),(19,'Salmon nigiri',340,'Oh-My-Zsh is an open source, community-driven framework for managing your ZSH configuration. It comes bundled with a ton of helpful functions, helpers, plugins, themes, and a few things that make you shout...',8,'2018-06-21 03:15:09','2018-06-21 03:15:09',3),(20,'Pasta Carbonara',216,'Oh-My-Zsh is an open source, community-driven framework for managing your ZSH configuration. It comes bundled with a ton of helpful functions, helpers, plugins, themes, and a few things that make you shout...',4,'2018-06-21 03:15:09','2018-06-21 03:15:09',3),(21,'Chicken wings',232,'Oh-My-Zsh is an open source, community-driven framework for managing your ZSH configuration. It comes bundled with a ton of helpful functions, helpers, plugins, themes, and a few things that make you shout...',2,'2018-06-21 03:15:09','2018-06-21 03:15:09',2),(22,'Katsu Curry',424,'Oh-My-Zsh is an open source, community-driven framework for managing your ZSH configuration. It comes bundled with a ton of helpful functions, helpers, plugins, themes, and a few things that make you shout...',5,'2018-06-21 03:15:09','2018-06-21 03:15:09',5),(23,'Pork belly buns',175,'Oh-My-Zsh is an open source, community-driven framework for managing your ZSH configuration. It comes bundled with a ton of helpful functions, helpers, plugins, themes, and a few things that make you shout...',6,'2018-06-21 03:15:09','2018-06-21 03:15:09',4),(24,'Chicken wings',8,'Oh-My-Zsh is an open source, community-driven framework for managing your ZSH configuration. It comes bundled with a ton of helpful functions, helpers, plugins, themes, and a few things that make you shout...',3,'2018-06-21 03:15:09','2018-06-21 03:15:09',4),(25,'California maki',491,'Oh-My-Zsh is an open source, community-driven framework for managing your ZSH configuration. It comes bundled with a ton of helpful functions, helpers, plugins, themes, and a few things that make you shout...',1,'2018-06-21 03:15:09','2018-06-21 03:15:09',2),(26,'Linguine with clams',157,'Oh-My-Zsh is an open source, community-driven framework for managing your ZSH configuration. It comes bundled with a ton of helpful functions, helpers, plugins, themes, and a few things that make you shout...',7,'2018-06-21 03:15:09','2018-06-21 03:15:09',3),(27,'Linguine with clams',450,'Oh-My-Zsh is an open source, community-driven framework for managing your ZSH configuration. It comes bundled with a ton of helpful functions, helpers, plugins, themes, and a few things that make you shout...',8,'2018-06-21 03:15:09','2018-06-21 03:15:09',4),(28,'Souvlaki',182,'Oh-My-Zsh is an open source, community-driven framework for managing your ZSH configuration. It comes bundled with a ton of helpful functions, helpers, plugins, themes, and a few things that make you shout...',4,'2018-06-21 03:15:09','2018-06-21 03:15:09',3),(29,'Ricotta stuffed Ravioli',492,'Oh-My-Zsh is an open source, community-driven framework for managing your ZSH configuration. It comes bundled with a ton of helpful functions, helpers, plugins, themes, and a few things that make you shout...',2,'2018-06-21 03:15:09','2018-06-21 03:15:09',4),(30,'Souvlaki',49,'Oh-My-Zsh is an open source, community-driven framework for managing your ZSH configuration. It comes bundled with a ton of helpful functions, helpers, plugins, themes, and a few things that make you shout...',5,'2018-06-21 03:15:09','2018-06-21 03:15:09',3),(31,'Souvlaki',240,'Oh-My-Zsh is an open source, community-driven framework for managing your ZSH configuration. It comes bundled with a ton of helpful functions, helpers, plugins, themes, and a few things that make you shout...',6,'2018-06-21 03:15:09','2018-06-21 03:15:09',1),(32,'Katsu Curry',447,'Oh-My-Zsh is an open source, community-driven framework for managing your ZSH configuration. It comes bundled with a ton of helpful functions, helpers, plugins, themes, and a few things that make you shout...',3,'2018-06-21 03:15:09','2018-06-21 03:15:09',3),(33,'Ricotta stuffed Ravioli',141,'Oh-My-Zsh is an open source, community-driven framework for managing your ZSH configuration. It comes bundled with a ton of helpful functions, helpers, plugins, themes, and a few things that make you shout...',1,'2018-06-21 03:15:09','2018-06-21 03:15:09',5),(34,'Chicken Fajitas',288,'Oh-My-Zsh is an open source, community-driven framework for managing your ZSH configuration. It comes bundled with a ton of helpful functions, helpers, plugins, themes, and a few things that make you shout...',7,'2018-06-21 03:15:09','2018-06-21 03:15:09',3),(35,'Califlower penne',360,'Oh-My-Zsh is an open source, community-driven framework for managing your ZSH configuration. It comes bundled with a ton of helpful functions, helpers, plugins, themes, and a few things that make you shout...',8,'2018-06-21 03:15:09','2018-06-21 03:15:09',4),(36,'Pork sausage roll',100,'Oh-My-Zsh is an open source, community-driven framework for managing your ZSH configuration. It comes bundled with a ton of helpful functions, helpers, plugins, themes, and a few things that make you shout...',4,'2018-06-21 03:15:09','2018-06-21 03:15:09',3),(37,'Vegetable Soup',425,'Oh-My-Zsh is an open source, community-driven framework for managing your ZSH configuration. It comes bundled with a ton of helpful functions, helpers, plugins, themes, and a few things that make you shout...',2,'2018-06-21 03:15:09','2018-06-21 03:15:09',1),(38,'Souvlaki',195,'Oh-My-Zsh is an open source, community-driven framework for managing your ZSH configuration. It comes bundled with a ton of helpful functions, helpers, plugins, themes, and a few things that make you shout...',5,'2018-06-21 03:15:09','2018-06-21 03:15:09',2),(39,'Pasta with Tomato and Basil',485,'Oh-My-Zsh is an open source, community-driven framework for managing your ZSH configuration. It comes bundled with a ton of helpful functions, helpers, plugins, themes, and a few things that make you shout...',6,'2018-06-21 03:15:09','2018-06-21 03:15:09',3),(40,'Pizza',224,'Oh-My-Zsh is an open source, community-driven framework for managing your ZSH configuration. It comes bundled with a ton of helpful functions, helpers, plugins, themes, and a few things that make you shout...',3,'2018-06-21 03:15:09','2018-06-21 03:15:09',1),(41,'Tiramisù',324,'Oh-My-Zsh is an open source, community-driven framework for managing your ZSH configuration. It comes bundled with a ton of helpful functions, helpers, plugins, themes, and a few things that make you shout...',1,'2018-06-21 03:15:09','2018-06-21 03:15:09',1),(42,'Souvlaki',114,'Oh-My-Zsh is an open source, community-driven framework for managing your ZSH configuration. It comes bundled with a ton of helpful functions, helpers, plugins, themes, and a few things that make you shout...',7,'2018-06-21 03:15:09','2018-06-21 03:15:09',5),(43,'Linguine with clams',65,'Oh-My-Zsh is an open source, community-driven framework for managing your ZSH configuration. It comes bundled with a ton of helpful functions, helpers, plugins, themes, and a few things that make you shout...',8,'2018-06-21 03:15:09','2018-06-21 03:15:09',1),(44,'Barbecue Ribs',19,'Oh-My-Zsh is an open source, community-driven framework for managing your ZSH configuration. It comes bundled with a ton of helpful functions, helpers, plugins, themes, and a few things that make you shout...',4,'2018-06-21 03:15:09','2018-06-21 03:15:09',3),(45,'Mushroom Risotto',231,'Oh-My-Zsh is an open source, community-driven framework for managing your ZSH configuration. It comes bundled with a ton of helpful functions, helpers, plugins, themes, and a few things that make you shout...',2,'2018-06-21 03:15:09','2018-06-21 03:15:09',1),(46,'Risotto with seafood',456,'Oh-My-Zsh is an open source, community-driven framework for managing your ZSH configuration. It comes bundled with a ton of helpful functions, helpers, plugins, themes, and a few things that make you shout...',5,'2018-06-21 03:15:09','2018-06-21 03:15:09',3),(47,'French fries with sausages',55,'Oh-My-Zsh is an open source, community-driven framework for managing your ZSH configuration. It comes bundled with a ton of helpful functions, helpers, plugins, themes, and a few things that make you shout...',6,'2018-06-21 03:15:09','2018-06-21 03:15:09',4),(48,'Pasta with Tomato and Basil',258,'Oh-My-Zsh is an open source, community-driven framework for managing your ZSH configuration. It comes bundled with a ton of helpful functions, helpers, plugins, themes, and a few things that make you shout...',3,'2018-06-21 03:15:09','2018-06-21 03:15:09',3),(49,'Caesar Salad',119,'Oh-My-Zsh is an open source, community-driven framework for managing your ZSH configuration. It comes bundled with a ton of helpful functions, helpers, plugins, themes, and a few things that make you shout...',1,'2018-06-21 03:15:09','2018-06-21 03:15:09',4),(50,'Chicken Fajitas',196,'Oh-My-Zsh is an open source, community-driven framework for managing your ZSH configuration. It comes bundled with a ton of helpful functions, helpers, plugins, themes, and a few things that make you shout...',7,'2018-06-21 03:15:09','2018-06-21 03:15:09',2),(51,'Vegetable Soup',72,'Oh-My-Zsh is an open source, community-driven framework for managing your ZSH configuration. It comes bundled with a ton of helpful functions, helpers, plugins, themes, and a few things that make you shout...',8,'2018-06-21 03:15:09','2018-06-21 03:15:09',3),(52,'Fish and chips',1,'Oh-My-Zsh is an open source, community-driven framework for managing your ZSH configuration. It comes bundled with a ton of helpful functions, helpers, plugins, themes, and a few things that make you shout...',4,'2018-06-21 03:15:09','2018-06-21 03:15:09',3),(53,'Tiramisù',306,'Oh-My-Zsh is an open source, community-driven framework for managing your ZSH configuration. It comes bundled with a ton of helpful functions, helpers, plugins, themes, and a few things that make you shout...',2,'2018-06-21 03:15:09','2018-06-21 03:15:09',1),(54,'Risotto with seafood',314,'Oh-My-Zsh is an open source, community-driven framework for managing your ZSH configuration. It comes bundled with a ton of helpful functions, helpers, plugins, themes, and a few things that make you shout...',5,'2018-06-21 03:15:09','2018-06-21 03:15:09',3),(55,'Fettuccine Alfredo',378,'Oh-My-Zsh is an open source, community-driven framework for managing your ZSH configuration. It comes bundled with a ton of helpful functions, helpers, plugins, themes, and a few things that make you shout...',6,'2018-06-21 03:15:09','2018-06-21 03:15:09',2),(56,'Philadelphia maki',410,'Oh-My-Zsh is an open source, community-driven framework for managing your ZSH configuration. It comes bundled with a ton of helpful functions, helpers, plugins, themes, and a few things that make you shout...',3,'2018-06-21 03:15:09','2018-06-21 03:15:09',5),(57,'Meatballs with sauce',360,'Oh-My-Zsh is an open source, community-driven framework for managing your ZSH configuration. It comes bundled with a ton of helpful functions, helpers, plugins, themes, and a few things that make you shout...',1,'2018-06-21 03:15:09','2018-06-21 03:15:09',2),(58,'Meatballs with sauce',287,'Oh-My-Zsh is an open source, community-driven framework for managing your ZSH configuration. It comes bundled with a ton of helpful functions, helpers, plugins, themes, and a few things that make you shout...',7,'2018-06-21 03:15:09','2018-06-21 03:15:09',2),(59,'Pappardelle alla Bolognese',396,'Oh-My-Zsh is an open source, community-driven framework for managing your ZSH configuration. It comes bundled with a ton of helpful functions, helpers, plugins, themes, and a few things that make you shout...',8,'2018-06-21 03:15:09','2018-06-21 03:15:09',1),(60,'Ricotta stuffed Ravioli',496,'Oh-My-Zsh is an open source, community-driven framework for managing your ZSH configuration. It comes bundled with a ton of helpful functions, helpers, plugins, themes, and a few things that make you shout...',4,'2018-06-21 03:15:09','2018-06-21 03:15:09',2),(61,'Chicken milanese',43,'Oh-My-Zsh is an open source, community-driven framework for managing your ZSH configuration. It comes bundled with a ton of helpful functions, helpers, plugins, themes, and a few things that make you shout...',2,'2018-06-21 03:15:09','2018-06-21 03:15:09',5),(62,'Souvlaki',468,'Oh-My-Zsh is an open source, community-driven framework for managing your ZSH configuration. It comes bundled with a ton of helpful functions, helpers, plugins, themes, and a few things that make you shout...',5,'2018-06-21 03:15:09','2018-06-21 03:15:09',3),(63,'Ricotta stuffed Ravioli',295,'Oh-My-Zsh is an open source, community-driven framework for managing your ZSH configuration. It comes bundled with a ton of helpful functions, helpers, plugins, themes, and a few things that make you shout...',6,'2018-06-21 03:15:09','2018-06-21 03:15:09',5),(64,'Califlower penne',26,'Oh-My-Zsh is an open source, community-driven framework for managing your ZSH configuration. It comes bundled with a ton of helpful functions, helpers, plugins, themes, and a few things that make you shout...',3,'2018-06-21 03:15:09','2018-06-21 03:15:09',1),(65,'Souvlaki',341,'Oh-My-Zsh is an open source, community-driven framework for managing your ZSH configuration. It comes bundled with a ton of helpful functions, helpers, plugins, themes, and a few things that make you shout...',1,'2018-06-21 03:15:09','2018-06-21 03:15:09',3),(66,'Teriyaki Chicken donburi',399,'Oh-My-Zsh is an open source, community-driven framework for managing your ZSH configuration. It comes bundled with a ton of helpful functions, helpers, plugins, themes, and a few things that make you shout...',7,'2018-06-21 03:15:09','2018-06-21 03:15:09',4),(67,'Tuna sashimi',191,'Oh-My-Zsh is an open source, community-driven framework for managing your ZSH configuration. It comes bundled with a ton of helpful functions, helpers, plugins, themes, and a few things that make you shout...',8,'2018-06-21 03:15:09','2018-06-21 03:15:09',1),(68,'Tiramisù',358,'Oh-My-Zsh is an open source, community-driven framework for managing your ZSH configuration. It comes bundled with a ton of helpful functions, helpers, plugins, themes, and a few things that make you shout...',4,'2018-06-21 03:15:09','2018-06-21 03:15:09',5),(69,'Mushroom Risotto',92,'Oh-My-Zsh is an open source, community-driven framework for managing your ZSH configuration. It comes bundled with a ton of helpful functions, helpers, plugins, themes, and a few things that make you shout...',2,'2018-06-21 03:15:09','2018-06-21 03:15:09',1),(70,'Chicken Fajitas',249,'Oh-My-Zsh is an open source, community-driven framework for managing your ZSH configuration. It comes bundled with a ton of helpful functions, helpers, plugins, themes, and a few things that make you shout...',5,'2018-06-21 03:15:09','2018-06-21 03:15:09',5),(71,'Meatballs with sauce',208,'Oh-My-Zsh is an open source, community-driven framework for managing your ZSH configuration. It comes bundled with a ton of helpful functions, helpers, plugins, themes, and a few things that make you shout...',6,'2018-06-21 03:15:09','2018-06-21 03:15:09',2),(72,'Caesar Salad',429,'Oh-My-Zsh is an open source, community-driven framework for managing your ZSH configuration. It comes bundled with a ton of helpful functions, helpers, plugins, themes, and a few things that make you shout...',3,'2018-06-21 03:15:09','2018-06-21 03:15:09',2),(73,'Vegetable Soup',449,'Oh-My-Zsh is an open source, community-driven framework for managing your ZSH configuration. It comes bundled with a ton of helpful functions, helpers, plugins, themes, and a few things that make you shout...',1,'2018-06-21 03:15:09','2018-06-21 03:15:09',1),(74,'Pizza',463,'Oh-My-Zsh is an open source, community-driven framework for managing your ZSH configuration. It comes bundled with a ton of helpful functions, helpers, plugins, themes, and a few things that make you shout...',7,'2018-06-21 03:15:09','2018-06-21 03:15:09',5),(75,'Teriyaki Chicken donburi',495,'Oh-My-Zsh is an open source, community-driven framework for managing your ZSH configuration. It comes bundled with a ton of helpful functions, helpers, plugins, themes, and a few things that make you shout...',8,'2018-06-21 03:15:09','2018-06-21 03:15:09',1),(76,'Pork belly buns',427,'vietnam muon nam',4,'2018-06-21 03:15:09','2018-06-21 09:05:05',2),(77,'Pappardelle alla Bolognese',307,'Oh-My-Zsh is an open source, community-driven framework for managing your ZSH configuration. It comes bundled with a ton of helpful functions, helpers, plugins, themes, and a few things that make you shout...',2,'2018-06-21 03:15:09','2018-06-21 03:15:09',5),(78,'Caprese Salad',329,'Oh-My-Zsh is an open source, community-driven framework for managing your ZSH configuration. It comes bundled with a ton of helpful functions, helpers, plugins, themes, and a few things that make you shout...',5,'2018-06-21 03:15:09','2018-06-21 03:15:09',3),(79,'Tuna sashimi',185,'Oh-My-Zsh is an open source, community-driven framework for managing your ZSH configuration. It comes bundled with a ton of helpful functions, helpers, plugins, themes, and a few things that make you shout...',6,'2018-06-21 03:15:09','2018-06-21 03:15:09',5),(80,'Salmon nigiri',229,'Oh-My-Zsh is an open source, community-driven framework for managing your ZSH configuration. It comes bundled with a ton of helpful functions, helpers, plugins, themes, and a few things that make you shout...',3,'2018-06-21 03:15:10','2018-06-21 03:15:10',5);
/*!40000 ALTER TABLE `dishes` ENABLE KEYS */;
UNLOCK TABLES;

--
-- Table structure for table `images`
--

DROP TABLE IF EXISTS `images`;
/*!40101 SET @saved_cs_client     = @@character_set_client */;
/*!40101 SET character_set_client = utf8 */;
CREATE TABLE `images` (
  `id` int(11) NOT NULL AUTO_INCREMENT,
  `url` varchar(255) DEFAULT NULL,
  `dish_id` int(11) DEFAULT NULL,
  `created_at` datetime NOT NULL,
  `updated_at` datetime NOT NULL,
  PRIMARY KEY (`id`),
  KEY `index_images_on_dish_id` (`dish_id`),
  CONSTRAINT `fk_rails_ef8c837de1` FOREIGN KEY (`dish_id`) REFERENCES `dishes` (`id`)
) ENGINE=InnoDB AUTO_INCREMENT=4 DEFAULT CHARSET=utf8;
/*!40101 SET character_set_client = @saved_cs_client */;

--
-- Dumping data for table `images`
--

LOCK TABLES `images` WRITE;
/*!40000 ALTER TABLE `images` DISABLE KEYS */;
INSERT INTO `images` VALUES (1,'Menu_Grid-9.jpg',76,'2018-06-21 09:05:05','2018-06-21 09:05:05'),(2,'Menu_Grid-2.jpg',76,'2018-06-21 09:05:05','2018-06-21 09:05:05'),(3,'Menu_Grid-5.jpg',76,'2018-06-21 09:05:05','2018-06-21 09:05:05');
/*!40000 ALTER TABLE `images` ENABLE KEYS */;
UNLOCK TABLES;

--
-- Table structure for table `ratings`
--

DROP TABLE IF EXISTS `ratings`;
/*!40101 SET @saved_cs_client     = @@character_set_client */;
/*!40101 SET character_set_client = utf8 */;
CREATE TABLE `ratings` (
  `id` int(11) NOT NULL AUTO_INCREMENT,
  `point` int(11) DEFAULT NULL,
  `user_id` int(11) DEFAULT NULL,
  `dish_id` int(11) DEFAULT NULL,
  `created_at` datetime NOT NULL,
  `updated_at` datetime NOT NULL,
  PRIMARY KEY (`id`),
  KEY `index_ratings_on_user_id` (`user_id`),
  KEY `index_ratings_on_dish_id` (`dish_id`),
  CONSTRAINT `fk_rails_9f96b27f7c` FOREIGN KEY (`dish_id`) REFERENCES `dishes` (`id`),
  CONSTRAINT `fk_rails_a7dfeb9f5f` FOREIGN KEY (`user_id`) REFERENCES `users` (`id`)
) ENGINE=InnoDB AUTO_INCREMENT=660 DEFAULT CHARSET=utf8;
/*!40101 SET character_set_client = @saved_cs_client */;

--
-- Dumping data for table `ratings`
--

LOCK TABLES `ratings` WRITE;
/*!40000 ALTER TABLE `ratings` DISABLE KEYS */;
INSERT INTO `ratings` VALUES (1,6,12,1,'2018-06-21 03:15:10','2018-07-27 01:39:59'),(2,6,2,1,'2018-06-21 03:15:10','2018-06-21 03:15:10'),(3,6,3,1,'2018-06-21 03:15:10','2018-06-21 03:15:10'),(4,6,4,1,'2018-06-21 03:15:10','2018-06-21 03:15:10'),(5,6,5,1,'2018-06-21 03:15:10','2018-06-21 03:15:10'),(6,6,6,1,'2018-06-21 03:15:10','2018-06-21 03:15:10'),(7,6,7,1,'2018-06-21 03:15:10','2018-06-21 03:15:10'),(8,6,8,1,'2018-06-21 03:15:10','2018-06-21 03:15:10'),(9,3,1,2,'2018-06-21 03:15:10','2018-06-21 03:15:10'),(10,3,2,2,'2018-06-21 03:15:10','2018-06-21 03:15:10'),(11,4,3,2,'2018-06-21 03:15:10','2018-06-21 03:15:10'),(12,2,4,2,'2018-06-21 03:15:10','2018-06-21 03:15:10'),(13,1,5,2,'2018-06-21 03:15:10','2018-06-21 03:15:10'),(14,2,6,2,'2018-06-21 03:15:10','2018-06-21 03:15:10'),(15,3,7,2,'2018-06-21 03:15:10','2018-06-21 03:15:10'),(16,1,8,2,'2018-06-21 03:15:10','2018-06-21 03:15:10'),(17,5,1,3,'2018-06-21 03:15:10','2018-06-21 03:15:10'),(18,4,2,3,'2018-06-21 03:15:10','2018-06-21 03:15:10'),(19,4,3,3,'2018-06-21 03:15:10','2018-06-21 03:15:10'),(20,2,4,3,'2018-06-21 03:15:10','2018-06-21 03:15:10'),(21,4,5,3,'2018-06-21 03:15:10','2018-06-21 03:15:10'),(22,4,6,3,'2018-06-21 03:15:10','2018-06-21 03:15:10'),(23,5,7,3,'2018-06-21 03:15:10','2018-06-21 03:15:10'),(24,2,8,3,'2018-06-21 03:15:10','2018-06-21 03:15:10'),(25,5,1,4,'2018-06-21 03:15:10','2018-06-21 03:15:10'),(26,1,2,4,'2018-06-21 03:15:10','2018-06-21 03:15:10'),(27,3,3,4,'2018-06-21 03:15:10','2018-06-21 03:15:10'),(28,5,4,4,'2018-06-21 03:15:10','2018-06-21 03:15:10'),(29,3,5,4,'2018-06-21 03:15:10','2018-06-21 03:15:10'),(30,3,6,4,'2018-06-21 03:15:10','2018-06-21 03:15:10'),(31,4,7,4,'2018-06-21 03:15:10','2018-06-21 03:15:10'),(32,1,8,4,'2018-06-21 03:15:10','2018-06-21 03:15:10'),(33,1,1,5,'2018-06-21 03:15:10','2018-06-21 03:15:10'),(34,3,2,5,'2018-06-21 03:15:10','2018-06-21 03:15:10'),(35,4,3,5,'2018-06-21 03:15:10','2018-06-21 03:15:10'),(36,3,4,5,'2018-06-21 03:15:10','2018-06-21 03:15:10'),(37,3,5,5,'2018-06-21 03:15:11','2018-06-21 03:15:11'),(38,5,6,5,'2018-06-21 03:15:11','2018-06-21 03:15:11'),(39,5,7,5,'2018-06-21 03:15:11','2018-06-21 03:15:11'),(40,1,8,5,'2018-06-21 03:15:11','2018-06-21 03:15:11'),(41,5,1,6,'2018-06-21 03:15:11','2018-06-21 03:15:11'),(42,2,2,6,'2018-06-21 03:15:11','2018-06-21 03:15:11'),(43,1,3,6,'2018-06-21 03:15:11','2018-06-21 03:15:11'),(44,4,4,6,'2018-06-21 03:15:11','2018-06-21 03:15:11'),(45,3,5,6,'2018-06-21 03:15:11','2018-06-21 03:15:11'),(46,2,6,6,'2018-06-21 03:15:11','2018-06-21 03:15:11'),(47,4,7,6,'2018-06-21 03:15:11','2018-06-21 03:15:11'),(48,3,8,6,'2018-06-21 03:15:11','2018-06-21 03:15:11'),(49,1,1,7,'2018-06-21 03:15:11','2018-06-21 03:15:11'),(50,1,2,7,'2018-06-21 03:15:11','2018-06-21 03:15:11'),(51,4,3,7,'2018-06-21 03:15:11','2018-06-21 03:15:11'),(52,4,4,7,'2018-06-21 03:15:11','2018-06-21 03:15:11'),(53,1,5,7,'2018-06-21 03:15:11','2018-06-21 03:15:11'),(54,3,6,7,'2018-06-21 03:15:11','2018-06-21 03:15:11'),(55,3,7,7,'2018-06-21 03:15:11','2018-06-21 03:15:11'),(56,5,8,7,'2018-06-21 03:15:11','2018-06-21 03:15:11'),(57,2,1,8,'2018-06-21 03:15:11','2018-06-21 03:15:11'),(58,1,2,8,'2018-06-21 03:15:11','2018-06-21 03:15:11'),(59,1,3,8,'2018-06-21 03:15:11','2018-06-21 03:15:11'),(60,3,4,8,'2018-06-21 03:15:11','2018-06-21 03:15:11'),(61,1,5,8,'2018-06-21 03:15:11','2018-06-21 03:15:11'),(62,2,6,8,'2018-06-21 03:15:11','2018-06-21 03:15:11'),(63,3,7,8,'2018-06-21 03:15:11','2018-06-21 03:15:11'),(64,2,8,8,'2018-06-21 03:15:11','2018-06-21 03:15:11'),(65,5,1,9,'2018-06-21 03:15:11','2018-06-21 03:15:11'),(66,2,2,9,'2018-06-21 03:15:11','2018-06-21 03:15:11'),(67,3,3,9,'2018-06-21 03:15:11','2018-06-21 03:15:11'),(68,1,4,9,'2018-06-21 03:15:11','2018-06-21 03:15:11'),(69,1,5,9,'2018-06-21 03:15:11','2018-06-21 03:15:11'),(70,1,6,9,'2018-06-21 03:15:11','2018-06-21 03:15:11'),(71,1,7,9,'2018-06-21 03:15:11','2018-06-21 03:15:11'),(72,4,8,9,'2018-06-21 03:15:11','2018-06-21 03:15:11'),(73,3,1,10,'2018-06-21 03:15:11','2018-06-21 03:15:11'),(74,2,2,10,'2018-06-21 03:15:11','2018-06-21 03:15:11'),(75,4,3,10,'2018-06-21 03:15:11','2018-06-21 03:15:11'),(76,4,4,10,'2018-06-21 03:15:11','2018-06-21 03:15:11'),(77,3,5,10,'2018-06-21 03:15:11','2018-06-21 03:15:11'),(78,3,6,10,'2018-06-21 03:15:11','2018-06-21 03:15:11'),(79,4,7,10,'2018-06-21 03:15:11','2018-06-21 03:15:11'),(80,5,8,10,'2018-06-21 03:15:11','2018-06-21 03:15:11'),(81,5,1,11,'2018-06-21 03:15:11','2018-06-21 03:15:11'),(82,3,2,11,'2018-06-21 03:15:11','2018-06-21 03:15:11'),(83,4,3,11,'2018-06-21 03:15:11','2018-06-21 03:15:11'),(84,4,4,11,'2018-06-21 03:15:11','2018-06-21 03:15:11'),(85,5,5,11,'2018-06-21 03:15:11','2018-06-21 03:15:11'),(86,1,6,11,'2018-06-21 03:15:11','2018-06-21 03:15:11'),(87,1,7,11,'2018-06-21 03:15:11','2018-06-21 03:15:11'),(88,1,8,11,'2018-06-21 03:15:11','2018-06-21 03:15:11'),(89,4,1,12,'2018-06-21 03:15:11','2018-06-21 03:15:11'),(90,5,2,12,'2018-06-21 03:15:11','2018-06-21 03:15:11'),(91,2,3,12,'2018-06-21 03:15:11','2018-06-21 03:15:11'),(92,1,4,12,'2018-06-21 03:15:11','2018-06-21 03:15:11'),(93,3,5,12,'2018-06-21 03:15:11','2018-06-21 03:15:11'),(94,5,6,12,'2018-06-21 03:15:11','2018-06-21 03:15:11'),(95,4,7,12,'2018-06-21 03:15:11','2018-06-21 03:15:11'),(96,5,8,12,'2018-06-21 03:15:11','2018-06-21 03:15:11'),(97,5,1,13,'2018-06-21 03:15:11','2018-06-21 03:15:11'),(98,4,2,13,'2018-06-21 03:15:11','2018-06-21 03:15:11'),(99,5,3,13,'2018-06-21 03:15:11','2018-06-21 03:15:11'),(100,5,4,13,'2018-06-21 03:15:11','2018-06-21 03:15:11'),(101,3,5,13,'2018-06-21 03:15:11','2018-06-21 03:15:11'),(102,4,6,13,'2018-06-21 03:15:11','2018-06-21 03:15:11'),(103,3,7,13,'2018-06-21 03:15:11','2018-06-21 03:15:11'),(104,2,8,13,'2018-06-21 03:15:11','2018-06-21 03:15:11'),(105,3,1,14,'2018-06-21 03:15:11','2018-06-21 03:15:11'),(106,1,2,14,'2018-06-21 03:15:11','2018-06-21 03:15:11'),(107,5,3,14,'2018-06-21 03:15:11','2018-06-21 03:15:11'),(108,5,4,14,'2018-06-21 03:15:11','2018-06-21 03:15:11'),(109,4,5,14,'2018-06-21 03:15:11','2018-06-21 03:15:11'),(110,3,6,14,'2018-06-21 03:15:11','2018-06-21 03:15:11'),(111,5,7,14,'2018-06-21 03:15:11','2018-06-21 03:15:11'),(112,4,8,14,'2018-06-21 03:15:11','2018-06-21 03:15:11'),(113,2,1,15,'2018-06-21 03:15:11','2018-06-21 03:15:11'),(114,2,2,15,'2018-06-21 03:15:11','2018-06-21 03:15:11'),(115,1,3,15,'2018-06-21 03:15:11','2018-06-21 03:15:11'),(116,1,4,15,'2018-06-21 03:15:11','2018-06-21 03:15:11'),(117,2,5,15,'2018-06-21 03:15:11','2018-06-21 03:15:11'),(118,4,6,15,'2018-06-21 03:15:11','2018-06-21 03:15:11'),(119,2,7,15,'2018-06-21 03:15:11','2018-06-21 03:15:11'),(120,2,8,15,'2018-06-21 03:15:11','2018-06-21 03:15:11'),(121,1,1,16,'2018-06-21 03:15:11','2018-06-21 03:15:11'),(122,1,2,16,'2018-06-21 03:15:11','2018-06-21 03:15:11'),(123,3,3,16,'2018-06-21 03:15:11','2018-06-21 03:15:11'),(124,5,4,16,'2018-06-21 03:15:11','2018-06-21 03:15:11'),(125,1,5,16,'2018-06-21 03:15:11','2018-06-21 03:15:11'),(126,4,6,16,'2018-06-21 03:15:11','2018-06-21 03:15:11'),(127,4,7,16,'2018-06-21 03:15:11','2018-06-21 03:15:11'),(128,4,8,16,'2018-06-21 03:15:11','2018-06-21 03:15:11'),(129,1,1,17,'2018-06-21 03:15:11','2018-06-21 03:15:11'),(130,4,2,17,'2018-06-21 03:15:11','2018-06-21 03:15:11'),(131,3,3,17,'2018-06-21 03:15:11','2018-06-21 03:15:11'),(132,4,4,17,'2018-06-21 03:15:11','2018-06-21 03:15:11'),(133,2,5,17,'2018-06-21 03:15:11','2018-06-21 03:15:11'),(134,5,6,17,'2018-06-21 03:15:11','2018-06-21 03:15:11'),(135,5,7,17,'2018-06-21 03:15:11','2018-06-21 03:15:11'),(136,5,8,17,'2018-06-21 03:15:11','2018-06-21 03:15:11'),(137,1,1,18,'2018-06-21 03:15:11','2018-06-21 03:15:11'),(138,1,2,18,'2018-06-21 03:15:11','2018-06-21 03:15:11'),(139,3,3,18,'2018-06-21 03:15:11','2018-06-21 03:15:11'),(140,4,4,18,'2018-06-21 03:15:11','2018-06-21 03:15:11'),(141,4,5,18,'2018-06-21 03:15:11','2018-06-21 03:15:11'),(142,1,6,18,'2018-06-21 03:15:11','2018-06-21 03:15:11'),(143,1,7,18,'2018-06-21 03:15:11','2018-06-21 03:15:11'),(144,3,8,18,'2018-06-21 03:15:11','2018-06-21 03:15:11'),(145,5,1,19,'2018-06-21 03:15:11','2018-06-21 03:15:11'),(146,1,2,19,'2018-06-21 03:15:11','2018-06-21 03:15:11'),(147,4,3,19,'2018-06-21 03:15:11','2018-06-21 03:15:11'),(148,2,4,19,'2018-06-21 03:15:11','2018-06-21 03:15:11'),(149,2,5,19,'2018-06-21 03:15:11','2018-06-21 03:15:11'),(150,5,6,19,'2018-06-21 03:15:11','2018-06-21 03:15:11'),(151,2,7,19,'2018-06-21 03:15:11','2018-06-21 03:15:11'),(152,1,8,19,'2018-06-21 03:15:11','2018-06-21 03:15:11'),(153,5,1,20,'2018-06-21 03:15:11','2018-06-21 03:15:11'),(154,5,2,20,'2018-06-21 03:15:11','2018-06-21 03:15:11'),(155,3,3,20,'2018-06-21 03:15:11','2018-06-21 03:15:11'),(156,3,4,20,'2018-06-21 03:15:11','2018-06-21 03:15:11'),(157,5,5,20,'2018-06-21 03:15:11','2018-06-21 03:15:11'),(158,2,6,20,'2018-06-21 03:15:11','2018-06-21 03:15:11'),(159,4,7,20,'2018-06-21 03:15:11','2018-06-21 03:15:11'),(160,2,8,20,'2018-06-21 03:15:11','2018-06-21 03:15:11'),(161,5,1,21,'2018-06-21 03:15:11','2018-06-21 03:15:11'),(162,2,2,21,'2018-06-21 03:15:11','2018-06-21 03:15:11'),(163,3,3,21,'2018-06-21 03:15:11','2018-06-21 03:15:11'),(164,1,4,21,'2018-06-21 03:15:11','2018-06-21 03:15:11'),(165,3,5,21,'2018-06-21 03:15:11','2018-06-21 03:15:11'),(166,4,6,21,'2018-06-21 03:15:11','2018-06-21 03:15:11'),(167,1,7,21,'2018-06-21 03:15:11','2018-06-21 03:15:11'),(168,2,8,21,'2018-06-21 03:15:11','2018-06-21 03:15:11'),(169,4,1,22,'2018-06-21 03:15:11','2018-06-21 03:15:11'),(170,5,2,22,'2018-06-21 03:15:11','2018-06-21 03:15:11'),(171,2,3,22,'2018-06-21 03:15:11','2018-06-21 03:15:11'),(172,4,4,22,'2018-06-21 03:15:11','2018-06-21 03:15:11'),(173,5,5,22,'2018-06-21 03:15:11','2018-06-21 03:15:11'),(174,1,6,22,'2018-06-21 03:15:11','2018-06-21 03:15:11'),(175,1,7,22,'2018-06-21 03:15:11','2018-06-21 03:15:11'),(176,2,8,22,'2018-06-21 03:15:11','2018-06-21 03:15:11'),(177,5,1,23,'2018-06-21 03:15:11','2018-06-21 03:15:11'),(178,2,2,23,'2018-06-21 03:15:11','2018-06-21 03:15:11'),(179,5,3,23,'2018-06-21 03:15:11','2018-06-21 03:15:11'),(180,1,4,23,'2018-06-21 03:15:11','2018-06-21 03:15:11'),(181,5,5,23,'2018-06-21 03:15:11','2018-06-21 03:15:11'),(182,5,6,23,'2018-06-21 03:15:11','2018-06-21 03:15:11'),(183,5,7,23,'2018-06-21 03:15:11','2018-06-21 03:15:11'),(184,3,8,23,'2018-06-21 03:15:11','2018-06-21 03:15:11'),(185,2,1,24,'2018-06-21 03:15:11','2018-06-21 03:15:11'),(186,5,2,24,'2018-06-21 03:15:11','2018-06-21 03:15:11'),(187,2,3,24,'2018-06-21 03:15:11','2018-06-21 03:15:11'),(188,1,4,24,'2018-06-21 03:15:11','2018-06-21 03:15:11'),(189,4,5,24,'2018-06-21 03:15:11','2018-06-21 03:15:11'),(190,4,6,24,'2018-06-21 03:15:11','2018-06-21 03:15:11'),(191,2,7,24,'2018-06-21 03:15:11','2018-06-21 03:15:11'),(192,2,8,24,'2018-06-21 03:15:11','2018-06-21 03:15:11'),(193,2,1,25,'2018-06-21 03:15:11','2018-06-21 03:15:11'),(194,1,2,25,'2018-06-21 03:15:11','2018-06-21 03:15:11'),(195,2,3,25,'2018-06-21 03:15:11','2018-06-21 03:15:11'),(196,3,4,25,'2018-06-21 03:15:11','2018-06-21 03:15:11'),(197,3,5,25,'2018-06-21 03:15:11','2018-06-21 03:15:11'),(198,5,6,25,'2018-06-21 03:15:12','2018-06-21 03:15:12'),(199,3,7,25,'2018-06-21 03:15:12','2018-06-21 03:15:12'),(200,4,8,25,'2018-06-21 03:15:12','2018-06-21 03:15:12'),(201,1,1,26,'2018-06-21 03:15:12','2018-06-21 03:15:12'),(202,2,2,26,'2018-06-21 03:15:12','2018-06-21 03:15:12'),(203,3,3,26,'2018-06-21 03:15:12','2018-06-21 03:15:12'),(204,5,4,26,'2018-06-21 03:15:12','2018-06-21 03:15:12'),(205,1,5,26,'2018-06-21 03:15:12','2018-06-21 03:15:12'),(206,5,6,26,'2018-06-21 03:15:12','2018-06-21 03:15:12'),(207,1,7,26,'2018-06-21 03:15:12','2018-06-21 03:15:12'),(208,4,8,26,'2018-06-21 03:15:12','2018-06-21 03:15:12'),(209,1,1,27,'2018-06-21 03:15:12','2018-06-21 03:15:12'),(210,5,2,27,'2018-06-21 03:15:12','2018-06-21 03:15:12'),(211,4,3,27,'2018-06-21 03:15:12','2018-06-21 03:15:12'),(212,3,4,27,'2018-06-21 03:15:12','2018-06-21 03:15:12'),(213,1,5,27,'2018-06-21 03:15:12','2018-06-21 03:15:12'),(214,4,6,27,'2018-06-21 03:15:12','2018-06-21 03:15:12'),(215,4,7,27,'2018-06-21 03:15:12','2018-06-21 03:15:12'),(216,3,8,27,'2018-06-21 03:15:12','2018-06-21 03:15:12'),(217,4,1,28,'2018-06-21 03:15:12','2018-06-21 03:15:12'),(218,2,2,28,'2018-06-21 03:15:12','2018-06-21 03:15:12'),(219,5,3,28,'2018-06-21 03:15:12','2018-06-21 03:15:12'),(220,2,4,28,'2018-06-21 03:15:12','2018-06-21 03:15:12'),(221,3,5,28,'2018-06-21 03:15:12','2018-06-21 03:15:12'),(222,5,6,28,'2018-06-21 03:15:12','2018-06-21 03:15:12'),(223,3,7,28,'2018-06-21 03:15:12','2018-06-21 03:15:12'),(224,1,8,28,'2018-06-21 03:15:12','2018-06-21 03:15:12'),(225,3,1,29,'2018-06-21 03:15:12','2018-06-21 03:15:12'),(226,5,2,29,'2018-06-21 03:15:12','2018-06-21 03:15:12'),(227,5,3,29,'2018-06-21 03:15:12','2018-06-21 03:15:12'),(228,2,4,29,'2018-06-21 03:15:12','2018-06-21 03:15:12'),(229,5,5,29,'2018-06-21 03:15:12','2018-06-21 03:15:12'),(230,3,6,29,'2018-06-21 03:15:12','2018-06-21 03:15:12'),(231,4,7,29,'2018-06-21 03:15:12','2018-06-21 03:15:12'),(232,4,8,29,'2018-06-21 03:15:12','2018-06-21 03:15:12'),(233,2,1,30,'2018-06-21 03:15:12','2018-06-21 03:15:12'),(234,5,2,30,'2018-06-21 03:15:12','2018-06-21 03:15:12'),(235,5,3,30,'2018-06-21 03:15:12','2018-06-21 03:15:12'),(236,2,4,30,'2018-06-21 03:15:12','2018-06-21 03:15:12'),(237,3,5,30,'2018-06-21 03:15:12','2018-06-21 03:15:12'),(238,4,6,30,'2018-06-21 03:15:12','2018-06-21 03:15:12'),(239,2,7,30,'2018-06-21 03:15:12','2018-06-21 03:15:12'),(240,3,8,30,'2018-06-21 03:15:12','2018-06-21 03:15:12'),(241,1,1,31,'2018-06-21 03:15:12','2018-06-21 03:15:12'),(242,5,2,31,'2018-06-21 03:15:12','2018-06-21 03:15:12'),(243,4,3,31,'2018-06-21 03:15:12','2018-06-21 03:15:12'),(244,3,4,31,'2018-06-21 03:15:12','2018-06-21 03:15:12'),(245,4,5,31,'2018-06-21 03:15:12','2018-06-21 03:15:12'),(246,1,6,31,'2018-06-21 03:15:12','2018-06-21 03:15:12'),(247,4,7,31,'2018-06-21 03:15:12','2018-06-21 03:15:12'),(248,5,8,31,'2018-06-21 03:15:12','2018-06-21 03:15:12'),(249,2,1,32,'2018-06-21 03:15:12','2018-06-21 03:15:12'),(250,1,2,32,'2018-06-21 03:15:12','2018-06-21 03:15:12'),(251,2,3,32,'2018-06-21 03:15:12','2018-06-21 03:15:12'),(252,3,4,32,'2018-06-21 03:15:12','2018-06-21 03:15:12'),(253,5,5,32,'2018-06-21 03:15:12','2018-06-21 03:15:12'),(254,5,6,32,'2018-06-21 03:15:12','2018-06-21 03:15:12'),(255,5,7,32,'2018-06-21 03:15:12','2018-06-21 03:15:12'),(256,5,8,32,'2018-06-21 03:15:12','2018-06-21 03:15:12'),(257,5,1,33,'2018-06-21 03:15:12','2018-06-21 03:15:12'),(258,5,2,33,'2018-06-21 03:15:12','2018-06-21 03:15:12'),(259,1,3,33,'2018-06-21 03:15:12','2018-06-21 03:15:12'),(260,4,4,33,'2018-06-21 03:15:12','2018-06-21 03:15:12'),(261,3,5,33,'2018-06-21 03:15:12','2018-06-21 03:15:12'),(262,2,6,33,'2018-06-21 03:15:12','2018-06-21 03:15:12'),(263,2,7,33,'2018-06-21 03:15:12','2018-06-21 03:15:12'),(264,3,8,33,'2018-06-21 03:15:12','2018-06-21 03:15:12'),(265,3,1,34,'2018-06-21 03:15:12','2018-06-21 03:15:12'),(266,4,2,34,'2018-06-21 03:15:12','2018-06-21 03:15:12'),(267,5,3,34,'2018-06-21 03:15:12','2018-06-21 03:15:12'),(268,2,4,34,'2018-06-21 03:15:12','2018-06-21 03:15:12'),(269,5,5,34,'2018-06-21 03:15:12','2018-06-21 03:15:12'),(270,1,6,34,'2018-06-21 03:15:12','2018-06-21 03:15:12'),(271,2,7,34,'2018-06-21 03:15:12','2018-06-21 03:15:12'),(272,3,8,34,'2018-06-21 03:15:12','2018-06-21 03:15:12'),(273,2,1,35,'2018-06-21 03:15:12','2018-06-21 03:15:12'),(274,4,2,35,'2018-06-21 03:15:12','2018-06-21 03:15:12'),(275,3,3,35,'2018-06-21 03:15:12','2018-06-21 03:15:12'),(276,4,4,35,'2018-06-21 03:15:12','2018-06-21 03:15:12'),(277,5,5,35,'2018-06-21 03:15:12','2018-06-21 03:15:12'),(278,3,6,35,'2018-06-21 03:15:12','2018-06-21 03:15:12'),(279,1,7,35,'2018-06-21 03:15:12','2018-06-21 03:15:12'),(280,4,8,35,'2018-06-21 03:15:12','2018-06-21 03:15:12'),(281,3,1,36,'2018-06-21 03:15:12','2018-06-21 03:15:12'),(282,4,2,36,'2018-06-21 03:15:12','2018-06-21 03:15:12'),(283,5,3,36,'2018-06-21 03:15:12','2018-06-21 03:15:12'),(284,5,4,36,'2018-06-21 03:15:12','2018-06-21 03:15:12'),(285,1,5,36,'2018-06-21 03:15:12','2018-06-21 03:15:12'),(286,1,6,36,'2018-06-21 03:15:12','2018-06-21 03:15:12'),(287,2,7,36,'2018-06-21 03:15:12','2018-06-21 03:15:12'),(288,5,8,36,'2018-06-21 03:15:12','2018-06-21 03:15:12'),(289,3,1,37,'2018-06-21 03:15:12','2018-06-21 03:15:12'),(290,4,2,37,'2018-06-21 03:15:12','2018-06-21 03:15:12'),(291,2,3,37,'2018-06-21 03:15:12','2018-06-21 03:15:12'),(292,5,4,37,'2018-06-21 03:15:12','2018-06-21 03:15:12'),(293,5,5,37,'2018-06-21 03:15:12','2018-06-21 03:15:12'),(294,5,6,37,'2018-06-21 03:15:12','2018-06-21 03:15:12'),(295,5,7,37,'2018-06-21 03:15:12','2018-06-21 03:15:12'),(296,1,8,37,'2018-06-21 03:15:12','2018-06-21 03:15:12'),(297,5,1,38,'2018-06-21 03:15:12','2018-06-21 03:15:12'),(298,1,2,38,'2018-06-21 03:15:12','2018-06-21 03:15:12'),(299,5,3,38,'2018-06-21 03:15:12','2018-06-21 03:15:12'),(300,5,4,38,'2018-06-21 03:15:12','2018-06-21 03:15:12'),(301,5,5,38,'2018-06-21 03:15:12','2018-06-21 03:15:12'),(302,5,6,38,'2018-06-21 03:15:12','2018-06-21 03:15:12'),(303,4,7,38,'2018-06-21 03:15:12','2018-06-21 03:15:12'),(304,5,8,38,'2018-06-21 03:15:12','2018-06-21 03:15:12'),(305,1,1,39,'2018-06-21 03:15:12','2018-06-21 03:15:12'),(306,1,2,39,'2018-06-21 03:15:12','2018-06-21 03:15:12'),(307,5,3,39,'2018-06-21 03:15:12','2018-06-21 03:15:12'),(308,4,4,39,'2018-06-21 03:15:12','2018-06-21 03:15:12'),(309,1,5,39,'2018-06-21 03:15:12','2018-06-21 03:15:12'),(310,1,6,39,'2018-06-21 03:15:12','2018-06-21 03:15:12'),(311,2,7,39,'2018-06-21 03:15:12','2018-06-21 03:15:12'),(312,1,8,39,'2018-06-21 03:15:12','2018-06-21 03:15:12'),(313,4,1,40,'2018-06-21 03:15:12','2018-06-21 03:15:12'),(314,5,2,40,'2018-06-21 03:15:12','2018-06-21 03:15:12'),(315,4,3,40,'2018-06-21 03:15:12','2018-06-21 03:15:12'),(316,1,4,40,'2018-06-21 03:15:12','2018-06-21 03:15:12'),(317,4,5,40,'2018-06-21 03:15:12','2018-06-21 03:15:12'),(318,2,6,40,'2018-06-21 03:15:12','2018-06-21 03:15:12'),(319,2,7,40,'2018-06-21 03:15:12','2018-06-21 03:15:12'),(320,3,8,40,'2018-06-21 03:15:12','2018-06-21 03:15:12'),(321,4,1,41,'2018-06-21 03:15:12','2018-06-21 03:15:12'),(322,3,2,41,'2018-06-21 03:15:12','2018-06-21 03:15:12'),(323,3,3,41,'2018-06-21 03:15:12','2018-06-21 03:15:12'),(324,1,4,41,'2018-06-21 03:15:12','2018-06-21 03:15:12'),(325,3,5,41,'2018-06-21 03:15:12','2018-06-21 03:15:12'),(326,4,6,41,'2018-06-21 03:15:12','2018-06-21 03:15:12'),(327,1,7,41,'2018-06-21 03:15:12','2018-06-21 03:15:12'),(328,2,8,41,'2018-06-21 03:15:12','2018-06-21 03:15:12'),(329,4,1,42,'2018-06-21 03:15:12','2018-06-21 03:15:12'),(330,3,2,42,'2018-06-21 03:15:12','2018-06-21 03:15:12'),(331,1,3,42,'2018-06-21 03:15:12','2018-06-21 03:15:12'),(332,5,4,42,'2018-06-21 03:15:12','2018-06-21 03:15:12'),(333,1,5,42,'2018-06-21 03:15:12','2018-06-21 03:15:12'),(334,5,6,42,'2018-06-21 03:15:12','2018-06-21 03:15:12'),(335,1,7,42,'2018-06-21 03:15:12','2018-06-21 03:15:12'),(336,4,8,42,'2018-06-21 03:15:12','2018-06-21 03:15:12'),(337,2,1,43,'2018-06-21 03:15:12','2018-06-21 03:15:12'),(338,2,2,43,'2018-06-21 03:15:13','2018-06-21 03:15:13'),(339,1,3,43,'2018-06-21 03:15:13','2018-06-21 03:15:13'),(340,2,4,43,'2018-06-21 03:15:13','2018-06-21 03:15:13'),(341,5,5,43,'2018-06-21 03:15:13','2018-06-21 03:15:13'),(342,3,6,43,'2018-06-21 03:15:13','2018-06-21 03:15:13'),(343,2,7,43,'2018-06-21 03:15:13','2018-06-21 03:15:13'),(344,3,8,43,'2018-06-21 03:15:13','2018-06-21 03:15:13'),(345,5,1,44,'2018-06-21 03:15:13','2018-06-21 03:15:13'),(346,1,2,44,'2018-06-21 03:15:13','2018-06-21 03:15:13'),(347,4,3,44,'2018-06-21 03:15:13','2018-06-21 03:15:13'),(348,2,4,44,'2018-06-21 03:15:13','2018-06-21 03:15:13'),(349,2,5,44,'2018-06-21 03:15:13','2018-06-21 03:15:13'),(350,3,6,44,'2018-06-21 03:15:13','2018-06-21 03:15:13'),(351,2,7,44,'2018-06-21 03:15:13','2018-06-21 03:15:13'),(352,3,8,44,'2018-06-21 03:15:13','2018-06-21 03:15:13'),(353,5,1,45,'2018-06-21 03:15:13','2018-06-21 03:15:13'),(354,5,2,45,'2018-06-21 03:15:13','2018-06-21 03:15:13'),(355,1,3,45,'2018-06-21 03:15:13','2018-06-21 03:15:13'),(356,5,4,45,'2018-06-21 03:15:13','2018-06-21 03:15:13'),(357,1,5,45,'2018-06-21 03:15:13','2018-06-21 03:15:13'),(358,2,6,45,'2018-06-21 03:15:13','2018-06-21 03:15:13'),(359,1,7,45,'2018-06-21 03:15:13','2018-06-21 03:15:13'),(360,2,8,45,'2018-06-21 03:15:13','2018-06-21 03:15:13'),(361,1,1,46,'2018-06-21 03:15:13','2018-06-21 03:15:13'),(362,4,2,46,'2018-06-21 03:15:13','2018-06-21 03:15:13'),(363,4,3,46,'2018-06-21 03:15:13','2018-06-21 03:15:13'),(364,5,4,46,'2018-06-21 03:15:13','2018-06-21 03:15:13'),(365,5,5,46,'2018-06-21 03:15:13','2018-06-21 03:15:13'),(366,1,6,46,'2018-06-21 03:15:13','2018-06-21 03:15:13'),(367,5,7,46,'2018-06-21 03:15:13','2018-06-21 03:15:13'),(368,2,8,46,'2018-06-21 03:15:13','2018-06-21 03:15:13'),(369,3,1,47,'2018-06-21 03:15:13','2018-06-21 03:15:13'),(370,4,2,47,'2018-06-21 03:15:13','2018-06-21 03:15:13'),(371,1,3,47,'2018-06-21 03:15:13','2018-06-21 03:15:13'),(372,5,4,47,'2018-06-21 03:15:13','2018-06-21 03:15:13'),(373,4,5,47,'2018-06-21 03:15:13','2018-06-21 03:15:13'),(374,2,6,47,'2018-06-21 03:15:13','2018-06-21 03:15:13'),(375,4,7,47,'2018-06-21 03:15:13','2018-06-21 03:15:13'),(376,4,8,47,'2018-06-21 03:15:13','2018-06-21 03:15:13'),(377,5,1,48,'2018-06-21 03:15:13','2018-06-21 03:15:13'),(378,4,2,48,'2018-06-21 03:15:13','2018-06-21 03:15:13'),(379,1,3,48,'2018-06-21 03:15:13','2018-06-21 03:15:13'),(380,4,4,48,'2018-06-21 03:15:13','2018-06-21 03:15:13'),(381,3,5,48,'2018-06-21 03:15:13','2018-06-21 03:15:13'),(382,5,6,48,'2018-06-21 03:15:13','2018-06-21 03:15:13'),(383,4,7,48,'2018-06-21 03:15:13','2018-06-21 03:15:13'),(384,4,8,48,'2018-06-21 03:15:13','2018-06-21 03:15:13'),(385,2,1,49,'2018-06-21 03:15:13','2018-06-21 03:15:13'),(386,2,2,49,'2018-06-21 03:15:13','2018-06-21 03:15:13'),(387,3,3,49,'2018-06-21 03:15:13','2018-06-21 03:15:13'),(388,1,4,49,'2018-06-21 03:15:13','2018-06-21 03:15:13'),(389,1,5,49,'2018-06-21 03:15:13','2018-06-21 03:15:13'),(390,5,6,49,'2018-06-21 03:15:13','2018-06-21 03:15:13'),(391,3,7,49,'2018-06-21 03:15:13','2018-06-21 03:15:13'),(392,4,8,49,'2018-06-21 03:15:13','2018-06-21 03:15:13'),(393,3,1,50,'2018-06-21 03:15:13','2018-06-21 03:15:13'),(394,2,2,50,'2018-06-21 03:15:13','2018-06-21 03:15:13'),(395,3,3,50,'2018-06-21 03:15:13','2018-06-21 03:15:13'),(396,4,4,50,'2018-06-21 03:15:13','2018-06-21 03:15:13'),(397,2,5,50,'2018-06-21 03:15:13','2018-06-21 03:15:13'),(398,2,6,50,'2018-06-21 03:15:13','2018-06-21 03:15:13'),(399,5,7,50,'2018-06-21 03:15:13','2018-06-21 03:15:13'),(400,5,8,50,'2018-06-21 03:15:13','2018-06-21 03:15:13'),(401,2,1,51,'2018-06-21 03:15:13','2018-06-21 03:15:13'),(402,3,2,51,'2018-06-21 03:15:13','2018-06-21 03:15:13'),(403,4,3,51,'2018-06-21 03:15:13','2018-06-21 03:15:13'),(404,2,4,51,'2018-06-21 03:15:13','2018-06-21 03:15:13'),(405,1,5,51,'2018-06-21 03:15:13','2018-06-21 03:15:13'),(406,1,6,51,'2018-06-21 03:15:13','2018-06-21 03:15:13'),(407,1,7,51,'2018-06-21 03:15:13','2018-06-21 03:15:13'),(408,3,8,51,'2018-06-21 03:15:13','2018-06-21 03:15:13'),(409,5,1,52,'2018-06-21 03:15:13','2018-06-21 03:15:13'),(410,5,2,52,'2018-06-21 03:15:13','2018-06-21 03:15:13'),(411,4,3,52,'2018-06-21 03:15:13','2018-06-21 03:15:13'),(412,1,4,52,'2018-06-21 03:15:13','2018-06-21 03:15:13'),(413,2,5,52,'2018-06-21 03:15:13','2018-06-21 03:15:13'),(414,5,6,52,'2018-06-21 03:15:13','2018-06-21 03:15:13'),(415,2,7,52,'2018-06-21 03:15:13','2018-06-21 03:15:13'),(416,1,8,52,'2018-06-21 03:15:13','2018-06-21 03:15:13'),(417,4,1,53,'2018-06-21 03:15:13','2018-06-21 03:15:13'),(418,5,2,53,'2018-06-21 03:15:13','2018-06-21 03:15:13'),(419,4,3,53,'2018-06-21 03:15:13','2018-06-21 03:15:13'),(420,1,4,53,'2018-06-21 03:15:13','2018-06-21 03:15:13'),(421,2,5,53,'2018-06-21 03:15:13','2018-06-21 03:15:13'),(422,1,6,53,'2018-06-21 03:15:13','2018-06-21 03:15:13'),(423,5,7,53,'2018-06-21 03:15:13','2018-06-21 03:15:13'),(424,2,8,53,'2018-06-21 03:15:13','2018-06-21 03:15:13'),(425,2,1,54,'2018-06-21 03:15:13','2018-06-21 03:15:13'),(426,2,2,54,'2018-06-21 03:15:13','2018-06-21 03:15:13'),(427,4,3,54,'2018-06-21 03:15:13','2018-06-21 03:15:13'),(428,5,4,54,'2018-06-21 03:15:13','2018-06-21 03:15:13'),(429,3,5,54,'2018-06-21 03:15:13','2018-06-21 03:15:13'),(430,5,6,54,'2018-06-21 03:15:13','2018-06-21 03:15:13'),(431,2,7,54,'2018-06-21 03:15:13','2018-06-21 03:15:13'),(432,2,8,54,'2018-06-21 03:15:13','2018-06-21 03:15:13'),(433,3,1,55,'2018-06-21 03:15:13','2018-06-21 03:15:13'),(434,5,2,55,'2018-06-21 03:15:13','2018-06-21 03:15:13'),(435,1,3,55,'2018-06-21 03:15:13','2018-06-21 03:15:13'),(436,4,4,55,'2018-06-21 03:15:13','2018-06-21 03:15:13'),(437,1,5,55,'2018-06-21 03:15:13','2018-06-21 03:15:13'),(438,2,6,55,'2018-06-21 03:15:13','2018-06-21 03:15:13'),(439,2,7,55,'2018-06-21 03:15:13','2018-06-21 03:15:13'),(440,1,8,55,'2018-06-21 03:15:13','2018-06-21 03:15:13'),(441,5,1,56,'2018-06-21 03:15:13','2018-06-21 03:15:13'),(442,4,2,56,'2018-06-21 03:15:13','2018-06-21 03:15:13'),(443,5,3,56,'2018-06-21 03:15:13','2018-06-21 03:15:13'),(444,5,4,56,'2018-06-21 03:15:13','2018-06-21 03:15:13'),(445,5,5,56,'2018-06-21 03:15:13','2018-06-21 03:15:13'),(446,2,6,56,'2018-06-21 03:15:13','2018-06-21 03:15:13'),(447,1,7,56,'2018-06-21 03:15:13','2018-06-21 03:15:13'),(448,1,8,56,'2018-06-21 03:15:13','2018-06-21 03:15:13'),(449,5,1,57,'2018-06-21 03:15:13','2018-06-21 03:15:13'),(450,1,2,57,'2018-06-21 03:15:13','2018-06-21 03:15:13'),(451,5,3,57,'2018-06-21 03:15:13','2018-06-21 03:15:13'),(452,5,4,57,'2018-06-21 03:15:13','2018-06-21 03:15:13'),(453,1,5,57,'2018-06-21 03:15:13','2018-06-21 03:15:13'),(454,1,6,57,'2018-06-21 03:15:13','2018-06-21 03:15:13'),(455,4,7,57,'2018-06-21 03:15:13','2018-06-21 03:15:13'),(456,5,8,57,'2018-06-21 03:15:13','2018-06-21 03:15:13'),(457,2,1,58,'2018-06-21 03:15:13','2018-06-21 03:15:13'),(458,1,2,58,'2018-06-21 03:15:13','2018-06-21 03:15:13'),(459,3,3,58,'2018-06-21 03:15:13','2018-06-21 03:15:13'),(460,1,4,58,'2018-06-21 03:15:13','2018-06-21 03:15:13'),(461,3,5,58,'2018-06-21 03:15:13','2018-06-21 03:15:13'),(462,5,6,58,'2018-06-21 03:15:13','2018-06-21 03:15:13'),(463,2,7,58,'2018-06-21 03:15:13','2018-06-21 03:15:13'),(464,1,8,58,'2018-06-21 03:15:13','2018-06-21 03:15:13'),(465,2,1,59,'2018-06-21 03:15:13','2018-06-21 03:15:13'),(466,2,2,59,'2018-06-21 03:15:13','2018-06-21 03:15:13'),(467,2,3,59,'2018-06-21 03:15:13','2018-06-21 03:15:13'),(468,4,4,59,'2018-06-21 03:15:13','2018-06-21 03:15:13'),(469,5,5,59,'2018-06-21 03:15:14','2018-06-21 03:15:14'),(470,5,6,59,'2018-06-21 03:15:14','2018-06-21 03:15:14'),(471,5,7,59,'2018-06-21 03:15:14','2018-06-21 03:15:14'),(472,5,8,59,'2018-06-21 03:15:14','2018-06-21 03:15:14'),(473,1,1,60,'2018-06-21 03:15:14','2018-06-21 03:15:14'),(474,4,2,60,'2018-06-21 03:15:14','2018-06-21 03:15:14'),(475,4,3,60,'2018-06-21 03:15:14','2018-06-21 03:15:14'),(476,3,4,60,'2018-06-21 03:15:14','2018-06-21 03:15:14'),(477,2,5,60,'2018-06-21 03:15:14','2018-06-21 03:15:14'),(478,2,6,60,'2018-06-21 03:15:14','2018-06-21 03:15:14'),(479,2,7,60,'2018-06-21 03:15:14','2018-06-21 03:15:14'),(480,1,8,60,'2018-06-21 03:15:14','2018-06-21 03:15:14'),(481,2,1,61,'2018-06-21 03:15:14','2018-06-21 03:15:14'),(482,5,2,61,'2018-06-21 03:15:14','2018-06-21 03:15:14'),(483,2,3,61,'2018-06-21 03:15:14','2018-06-21 03:15:14'),(484,1,4,61,'2018-06-21 03:15:14','2018-06-21 03:15:14'),(485,1,5,61,'2018-06-21 03:15:14','2018-06-21 03:15:14'),(486,1,6,61,'2018-06-21 03:15:14','2018-06-21 03:15:14'),(487,4,7,61,'2018-06-21 03:15:14','2018-06-21 03:15:14'),(488,3,8,61,'2018-06-21 03:15:14','2018-06-21 03:15:14'),(489,3,1,62,'2018-06-21 03:15:14','2018-06-21 03:15:14'),(490,1,2,62,'2018-06-21 03:15:14','2018-06-21 03:15:14'),(491,5,3,62,'2018-06-21 03:15:14','2018-06-21 03:15:14'),(492,1,4,62,'2018-06-21 03:15:14','2018-06-21 03:15:14'),(493,2,5,62,'2018-06-21 03:15:14','2018-06-21 03:15:14'),(494,1,6,62,'2018-06-21 03:15:14','2018-06-21 03:15:14'),(495,5,7,62,'2018-06-21 03:15:14','2018-06-21 03:15:14'),(496,1,8,62,'2018-06-21 03:15:14','2018-06-21 03:15:14'),(497,1,1,63,'2018-06-21 03:15:14','2018-06-21 03:15:14'),(498,3,2,63,'2018-06-21 03:15:14','2018-06-21 03:15:14'),(499,1,3,63,'2018-06-21 03:15:14','2018-06-21 03:15:14'),(500,5,4,63,'2018-06-21 03:15:14','2018-06-21 03:15:14'),(501,5,5,63,'2018-06-21 03:15:14','2018-06-21 03:15:14'),(502,2,6,63,'2018-06-21 03:15:14','2018-06-21 03:15:14'),(503,2,7,63,'2018-06-21 03:15:14','2018-06-21 03:15:14'),(504,3,8,63,'2018-06-21 03:15:14','2018-06-21 03:15:14'),(505,4,1,64,'2018-06-21 03:15:14','2018-06-21 03:15:14'),(506,1,2,64,'2018-06-21 03:15:14','2018-06-21 03:15:14'),(507,5,3,64,'2018-06-21 03:15:14','2018-06-21 03:15:14'),(508,1,4,64,'2018-06-21 03:15:14','2018-06-21 03:15:14'),(509,1,5,64,'2018-06-21 03:15:14','2018-06-21 03:15:14'),(510,2,6,64,'2018-06-21 03:15:14','2018-06-21 03:15:14'),(511,2,7,64,'2018-06-21 03:15:14','2018-06-21 03:15:14'),(512,4,8,64,'2018-06-21 03:15:14','2018-06-21 03:15:14'),(513,3,1,65,'2018-06-21 03:15:14','2018-06-21 03:15:14'),(514,2,2,65,'2018-06-21 03:15:14','2018-06-21 03:15:14'),(515,2,3,65,'2018-06-21 03:15:14','2018-06-21 03:15:14'),(516,2,4,65,'2018-06-21 03:15:14','2018-06-21 03:15:14'),(517,2,5,65,'2018-06-21 03:15:14','2018-06-21 03:15:14'),(518,2,6,65,'2018-06-21 03:15:14','2018-06-21 03:15:14'),(519,5,7,65,'2018-06-21 03:15:14','2018-06-21 03:15:14'),(520,1,8,65,'2018-06-21 03:15:14','2018-06-21 03:15:14'),(521,3,1,66,'2018-06-21 03:15:14','2018-06-21 03:15:14'),(522,5,2,66,'2018-06-21 03:15:14','2018-06-21 03:15:14'),(523,1,3,66,'2018-06-21 03:15:14','2018-06-21 03:15:14'),(524,2,4,66,'2018-06-21 03:15:14','2018-06-21 03:15:14'),(525,1,5,66,'2018-06-21 03:15:14','2018-06-21 03:15:14'),(526,3,6,66,'2018-06-21 03:15:14','2018-06-21 03:15:14'),(527,3,7,66,'2018-06-21 03:15:14','2018-06-21 03:15:14'),(528,2,8,66,'2018-06-21 03:15:14','2018-06-21 03:15:14'),(529,1,1,67,'2018-06-21 03:15:14','2018-06-21 03:15:14'),(530,3,2,67,'2018-06-21 03:15:14','2018-06-21 03:15:14'),(531,5,3,67,'2018-06-21 03:15:14','2018-06-21 03:15:14'),(532,5,4,67,'2018-06-21 03:15:14','2018-06-21 03:15:14'),(533,1,5,67,'2018-06-21 03:15:14','2018-06-21 03:15:14'),(534,2,6,67,'2018-06-21 03:15:14','2018-06-21 03:15:14'),(535,3,7,67,'2018-06-21 03:15:14','2018-06-21 03:15:14'),(536,3,8,67,'2018-06-21 03:15:14','2018-06-21 03:15:14'),(537,2,1,68,'2018-06-21 03:15:14','2018-06-21 03:15:14'),(538,2,2,68,'2018-06-21 03:15:14','2018-06-21 03:15:14'),(539,4,3,68,'2018-06-21 03:15:14','2018-06-21 03:15:14'),(540,2,4,68,'2018-06-21 03:15:14','2018-06-21 03:15:14'),(541,2,5,68,'2018-06-21 03:15:14','2018-06-21 03:15:14'),(542,5,6,68,'2018-06-21 03:15:14','2018-06-21 03:15:14'),(543,4,7,68,'2018-06-21 03:15:14','2018-06-21 03:15:14'),(544,4,8,68,'2018-06-21 03:15:14','2018-06-21 03:15:14'),(545,1,1,69,'2018-06-21 03:15:14','2018-06-21 03:15:14'),(546,4,2,69,'2018-06-21 03:15:14','2018-06-21 03:15:14'),(547,2,3,69,'2018-06-21 03:15:14','2018-06-21 03:15:14'),(548,1,4,69,'2018-06-21 03:15:14','2018-06-21 03:15:14'),(549,5,5,69,'2018-06-21 03:15:14','2018-06-21 03:15:14'),(550,2,6,69,'2018-06-21 03:15:14','2018-06-21 03:15:14'),(551,3,7,69,'2018-06-21 03:15:14','2018-06-21 03:15:14'),(552,5,8,69,'2018-06-21 03:15:14','2018-06-21 03:15:14'),(553,4,1,70,'2018-06-21 03:15:14','2018-06-21 03:15:14'),(554,1,2,70,'2018-06-21 03:15:14','2018-06-21 03:15:14'),(555,4,3,70,'2018-06-21 03:15:14','2018-06-21 03:15:14'),(556,1,4,70,'2018-06-21 03:15:14','2018-06-21 03:15:14'),(557,5,5,70,'2018-06-21 03:15:14','2018-06-21 03:15:14'),(558,3,6,70,'2018-06-21 03:15:14','2018-06-21 03:15:14'),(559,1,7,70,'2018-06-21 03:15:14','2018-06-21 03:15:14'),(560,2,8,70,'2018-06-21 03:15:14','2018-06-21 03:15:14'),(561,2,1,71,'2018-06-21 03:15:14','2018-06-21 03:15:14'),(562,2,2,71,'2018-06-21 03:15:14','2018-06-21 03:15:14'),(563,3,3,71,'2018-06-21 03:15:14','2018-06-21 03:15:14'),(564,5,4,71,'2018-06-21 03:15:14','2018-06-21 03:15:14'),(565,4,5,71,'2018-06-21 03:15:14','2018-06-21 03:15:14'),(566,3,6,71,'2018-06-21 03:15:14','2018-06-21 03:15:14'),(567,4,7,71,'2018-06-21 03:15:14','2018-06-21 03:15:14'),(568,2,8,71,'2018-06-21 03:15:14','2018-06-21 03:15:14'),(569,4,1,72,'2018-06-21 03:15:14','2018-06-21 03:15:14'),(570,1,2,72,'2018-06-21 03:15:14','2018-06-21 03:15:14'),(571,5,3,72,'2018-06-21 03:15:14','2018-06-21 03:15:14'),(572,4,4,72,'2018-06-21 03:15:14','2018-06-21 03:15:14'),(573,1,5,72,'2018-06-21 03:15:14','2018-06-21 03:15:14'),(574,3,6,72,'2018-06-21 03:15:14','2018-06-21 03:15:14'),(575,5,7,72,'2018-06-21 03:15:14','2018-06-21 03:15:14'),(576,2,8,72,'2018-06-21 03:15:14','2018-06-21 03:15:14'),(577,3,1,73,'2018-06-21 03:15:14','2018-06-21 03:15:14'),(578,3,2,73,'2018-06-21 03:15:14','2018-06-21 03:15:14'),(579,3,3,73,'2018-06-21 03:15:14','2018-06-21 03:15:14'),(580,1,4,73,'2018-06-21 03:15:14','2018-06-21 03:15:14'),(581,1,5,73,'2018-06-21 03:15:14','2018-06-21 03:15:14'),(582,5,6,73,'2018-06-21 03:15:14','2018-06-21 03:15:14'),(583,3,7,73,'2018-06-21 03:15:14','2018-06-21 03:15:14'),(584,1,8,73,'2018-06-21 03:15:14','2018-06-21 03:15:14'),(585,5,1,74,'2018-06-21 03:15:14','2018-06-21 03:15:14'),(586,4,2,74,'2018-06-21 03:15:14','2018-06-21 03:15:14'),(587,4,3,74,'2018-06-21 03:15:14','2018-06-21 03:15:14'),(588,2,4,74,'2018-06-21 03:15:14','2018-06-21 03:15:14'),(589,1,5,74,'2018-06-21 03:15:14','2018-06-21 03:15:14'),(590,1,6,74,'2018-06-21 03:15:14','2018-06-21 03:15:14'),(591,3,7,74,'2018-06-21 03:15:14','2018-06-21 03:15:14'),(592,2,8,74,'2018-06-21 03:15:14','2018-06-21 03:15:14'),(593,5,1,75,'2018-06-21 03:15:14','2018-06-21 03:15:14'),(594,3,2,75,'2018-06-21 03:15:14','2018-06-21 03:15:14'),(595,2,3,75,'2018-06-21 03:15:14','2018-06-21 03:15:14'),(596,1,4,75,'2018-06-21 03:15:14','2018-06-21 03:15:14'),(597,4,5,75,'2018-06-21 03:15:14','2018-06-21 03:15:14'),(598,3,6,75,'2018-06-21 03:15:14','2018-06-21 03:15:14'),(599,2,7,75,'2018-06-21 03:15:14','2018-06-21 03:15:14'),(600,1,8,75,'2018-06-21 03:15:14','2018-06-21 03:15:14'),(601,1,1,76,'2018-06-21 03:15:14','2018-06-21 03:15:14'),(602,1,2,76,'2018-06-21 03:15:14','2018-06-21 03:15:14'),(603,3,3,76,'2018-06-21 03:15:14','2018-06-21 03:15:14'),(604,3,4,76,'2018-06-21 03:15:14','2018-06-21 03:15:14'),(605,4,5,76,'2018-06-21 03:15:14','2018-06-21 03:15:14'),(606,2,6,76,'2018-06-21 03:15:14','2018-06-21 03:15:14'),(607,4,7,76,'2018-06-21 03:15:14','2018-06-21 03:15:14'),(608,5,8,76,'2018-06-21 03:15:14','2018-06-21 03:15:14'),(609,4,1,77,'2018-06-21 03:15:14','2018-06-21 03:15:14'),(610,4,2,77,'2018-06-21 03:15:14','2018-06-21 03:15:14'),(611,4,3,77,'2018-06-21 03:15:14','2018-06-21 03:15:14'),(612,4,4,77,'2018-06-21 03:15:14','2018-06-21 03:15:14'),(613,1,5,77,'2018-06-21 03:15:14','2018-06-21 03:15:14'),(614,4,6,77,'2018-06-21 03:15:14','2018-06-21 03:15:14'),(615,1,7,77,'2018-06-21 03:15:14','2018-06-21 03:15:14'),(616,1,8,77,'2018-06-21 03:15:14','2018-06-21 03:15:14'),(617,2,1,78,'2018-06-21 03:15:14','2018-06-21 03:15:14'),(618,5,2,78,'2018-06-21 03:15:14','2018-06-21 03:15:14'),(619,1,3,78,'2018-06-21 03:15:14','2018-06-21 03:15:14'),(620,3,4,78,'2018-06-21 03:15:14','2018-06-21 03:15:14'),(621,4,5,78,'2018-06-21 03:15:14','2018-06-21 03:15:14'),(622,5,6,78,'2018-06-21 03:15:14','2018-06-21 03:15:14'),(623,5,7,78,'2018-06-21 03:15:14','2018-06-21 03:15:14'),(624,4,8,78,'2018-06-21 03:15:15','2018-06-21 03:15:15'),(625,1,1,79,'2018-06-21 03:15:15','2018-06-21 03:15:15'),(626,3,2,79,'2018-06-21 03:15:15','2018-06-21 03:15:15'),(627,1,3,79,'2018-06-21 03:15:15','2018-06-21 03:15:15'),(628,3,4,79,'2018-06-21 03:15:15','2018-06-21 03:15:15'),(629,5,5,79,'2018-06-21 03:15:15','2018-06-21 03:15:15'),(630,5,6,79,'2018-06-21 03:15:15','2018-06-21 03:15:15'),(631,2,7,79,'2018-06-21 03:15:15','2018-06-21 03:15:15'),(632,2,8,79,'2018-06-21 03:15:15','2018-06-21 03:15:15'),(633,5,1,80,'2018-06-21 03:15:15','2018-06-21 03:15:15'),(634,5,2,80,'2018-06-21 03:15:15','2018-06-21 03:15:15'),(635,4,3,80,'2018-06-21 03:15:15','2018-06-21 03:15:15'),(636,2,4,80,'2018-06-21 03:15:15','2018-06-21 03:15:15'),(637,5,5,80,'2018-06-21 03:15:15','2018-06-21 03:15:15'),(638,3,6,80,'2018-06-21 03:15:15','2018-06-21 03:15:15'),(639,4,7,80,'2018-06-21 03:15:15','2018-06-21 03:15:15'),(640,2,8,80,'2018-06-21 03:15:15','2018-06-21 03:15:15'),(641,5,2,2,'2018-07-26 07:06:03','2018-07-26 07:06:03'),(642,5,2,3,'2018-07-26 07:06:15','2018-07-26 07:06:15'),(643,5,2,4,'2018-07-26 07:06:46','2018-07-26 07:06:46'),(644,5,2,5,'2018-07-26 07:07:15','2018-07-26 07:07:15'),(645,5,2,6,'2018-07-26 07:20:13','2018-07-26 07:20:13'),(646,5,2,7,'2018-07-26 07:20:36','2018-07-26 07:20:36'),(647,5,2,8,'2018-07-26 07:20:48','2018-07-26 07:20:48'),(648,5,2,9,'2018-07-26 07:21:10','2018-07-26 07:21:10'),(649,5,2,10,'2018-07-26 07:21:22','2018-07-26 07:21:22'),(650,5,2,10,'2018-07-26 07:21:23','2018-07-26 07:21:23'),(651,5,2,9,'2018-07-26 07:35:00','2018-07-26 07:35:00'),(652,5,2,9,'2018-07-26 07:35:02','2018-07-26 07:35:02'),(653,6,2,3,'2018-07-27 01:27:58','2018-07-27 01:27:58'),(654,6,1,1,'2018-07-27 01:41:31','2018-07-27 01:41:31'),(655,6,1,1,'2018-07-27 01:41:37','2018-07-27 01:41:37'),(656,6,1,1,'2018-07-27 01:41:41','2018-07-27 01:41:41'),(657,6,1,1,'2018-07-27 01:42:59','2018-07-27 01:42:59'),(658,1,1,12,'2018-07-27 10:14:53','2018-07-27 10:14:53'),(659,2,2,13,'2018-07-27 10:14:53','2018-07-27 10:14:53');
/*!40000 ALTER TABLE `ratings` ENABLE KEYS */;
UNLOCK TABLES;

--
-- Table structure for table `reviews`
--

DROP TABLE IF EXISTS `reviews`;
/*!40101 SET @saved_cs_client     = @@character_set_client */;
/*!40101 SET character_set_client = utf8 */;
CREATE TABLE `reviews` (
  `id` int(11) NOT NULL AUTO_INCREMENT,
  `content` text,
  `dish_id` int(11) DEFAULT NULL,
  `admin_user_id` int(11) DEFAULT NULL,
  `created_at` datetime NOT NULL,
  `updated_at` datetime NOT NULL,
  PRIMARY KEY (`id`),
  KEY `index_reviews_on_dish_id` (`dish_id`),
  KEY `index_reviews_on_admin_user_id` (`admin_user_id`),
  CONSTRAINT `fk_rails_20a1166865` FOREIGN KEY (`dish_id`) REFERENCES `dishes` (`id`),
  CONSTRAINT `fk_rails_74a66bd6c5` FOREIGN KEY (`admin_user_id`) REFERENCES `users` (`id`)
) ENGINE=InnoDB AUTO_INCREMENT=17 DEFAULT CHARSET=utf8;
/*!40101 SET character_set_client = @saved_cs_client */;

--
-- Dumping data for table `reviews`
--

LOCK TABLES `reviews` WRITE;
/*!40000 ALTER TABLE `reviews` DISABLE KEYS */;
INSERT INTO `reviews` VALUES (1,'Ipsa ab voluptatem fuga omnis aut eum tempora fugit aperiam non consequatur voluptas voluptas ea ipsam officiis magnam ullam inventore velit expedita explicabo sint reprehenderit dicta quam commodi optio quia dolorem assumenda.',1,1,'2018-06-21 03:15:10','2018-06-21 03:15:10'),(2,'Beatae labore omnis ut vel autem dolorem enim sunt accusamus soluta voluptatem id sed saepe quis aut quae aliquam dolore facilis rerum fugit porro delectus consequatur non ut unde necessitatibus voluptatem.',1,1,'2018-06-21 03:15:10','2018-06-21 03:15:10'),(3,'A velit dolore pariatur magni neque ut in asperiores qui qui iste vel voluptates optio et qui quas perferendis laboriosam in ut aut quia et dolorum et sequi provident placeat debitis.',1,1,'2018-06-21 03:15:10','2018-06-21 03:15:10'),(4,'Id ex quam eum quo rerum est illo beatae consectetur reiciendis voluptatum cumque nihil officiis est ducimus assumenda ipsam odio voluptates quod eos excepturi non corporis repellat soluta nesciunt praesentium dolor eaque.',1,1,'2018-06-21 03:15:10','2018-06-21 03:15:10'),(5,'Et sapiente omnis modi dolor adipisci eius repellat ut quidem libero est consequatur dignissimos ea recusandae qui et cupiditate est occaecati enim nostrum nisi officiis quis vel ipsam quaerat quibusdam qui optio laboriosam.',2,1,'2018-06-21 03:15:10','2018-06-21 03:15:10'),(6,'Voluptatem ut harum aut voluptatum ipsam omnis porro quasi a quia nostrum voluptatibus aliquid dolorem mollitia tempora eos ratione tempore officia dolor alias corporis deleniti distinctio qui odit et quae totam et voluptatem perspiciatis delectus.',2,1,'2018-06-21 03:15:10','2018-06-21 03:15:10'),(7,'Iusto qui aspernatur quis beatae laborum natus aliquid et atque voluptatem nostrum quo enim voluptatem placeat consequatur tempore quaerat adipisci dignissimos enim asperiores repellat soluta sit ut voluptatibus suscipit temporibus nihil unde vel corrupti.',2,1,'2018-06-21 03:15:10','2018-06-21 03:15:10'),(8,'Nihil quasi suscipit vel praesentium ut repellendus itaque at quae et nostrum ut est maiores voluptas voluptatibus aut asperiores aliquam libero adipisci odit quam atque ea expedita repellat minima quidem et dolores.',2,1,'2018-06-21 03:15:10','2018-06-21 03:15:10'),(9,'Ducimus consequatur labore esse eveniet ab libero et quaerat dolores aut dolorem qui similique at inventore possimus provident voluptatem beatae quia est id voluptas autem aut laboriosam quas quod amet.',3,1,'2018-06-21 03:15:10','2018-06-21 03:15:10'),(10,'Quia quis rerum est vitae animi qui aut minus asperiores similique ea qui placeat expedita illo ad est debitis ducimus porro id enim aut facere omnis et doloribus necessitatibus est.',3,1,'2018-06-21 03:15:10','2018-06-21 03:15:10'),(11,'Iusto illum quibusdam harum ut quis et voluptas non architecto excepturi voluptatem repellendus eveniet sapiente est in sit aliquam totam ratione sint dolorem accusantium molestias sed exercitationem dolor voluptatem cupiditate quas adipisci voluptates sint et.',3,1,'2018-06-21 03:15:10','2018-06-21 03:15:10'),(12,'Facere minus sit quia esse deleniti mollitia ipsa sint sint rerum corporis ad aliquam sunt sed expedita consequatur totam natus odio fugiat laudantium rem illo ut placeat voluptatem vel sed similique.',3,1,'2018-06-21 03:15:10','2018-06-21 03:15:10'),(13,'Fugiat rerum voluptatum error est consequuntur voluptatem praesentium qui ratione aliquam nisi est consequatur eaque minus molestiae nemo nulla architecto sed iure et quod et blanditiis animi excepturi voluptas quam eum dicta recusandae perspiciatis.',4,1,'2018-06-21 03:15:10','2018-06-21 03:15:10'),(14,'Pariatur dignissimos voluptatem autem repellat tempora quis aut et sed minus ut sapiente et eaque delectus ut cupiditate consequatur non sed laborum sed voluptas error vel perferendis deleniti voluptas et molestias fugiat nihil suscipit.',4,1,'2018-06-21 03:15:10','2018-06-21 03:15:10'),(15,'Quibusdam perspiciatis sed harum cumque et quia enim aut necessitatibus fugit vero non reiciendis commodi quae praesentium delectus alias ut ut repellendus minus at quis expedita quisquam officiis non cum voluptate.',4,1,'2018-06-21 03:15:10','2018-06-21 03:15:10'),(16,'Eligendi architecto facere ea quia et placeat laudantium dicta aut quo porro a qui dolorem quod itaque eius ut est iste aliquam iusto voluptas aspernatur deserunt omnis quibusdam consectetur aut ratione laborum excepturi illo quia.',4,1,'2018-06-21 03:15:10','2018-06-21 03:15:10');
/*!40000 ALTER TABLE `reviews` ENABLE KEYS */;
UNLOCK TABLES;

--
-- Table structure for table `schema_migrations`
--

DROP TABLE IF EXISTS `schema_migrations`;
/*!40101 SET @saved_cs_client     = @@character_set_client */;
/*!40101 SET character_set_client = utf8 */;
CREATE TABLE `schema_migrations` (
  `version` varchar(255) NOT NULL,
  PRIMARY KEY (`version`)
) ENGINE=InnoDB DEFAULT CHARSET=utf8;
/*!40101 SET character_set_client = @saved_cs_client */;

--
-- Dumping data for table `schema_migrations`
--

LOCK TABLES `schema_migrations` WRITE;
/*!40000 ALTER TABLE `schema_migrations` DISABLE KEYS */;
INSERT INTO `schema_migrations` VALUES ('20180605084616'),('20180606011614'),('20180606011615'),('20180606011616'),('20180606011647'),('20180606011707'),('20180606011823'),('20180606012000'),('20180606012110'),('20180606012130'),('20180606012206'),('20180606012252'),('20180609064058'),('20180611035601'),('20180613034718'),('20180615044421'),('20180619162331'),('20180620035929');
/*!40000 ALTER TABLE `schema_migrations` ENABLE KEYS */;
UNLOCK TABLES;

--
-- Table structure for table `tables`
--

DROP TABLE IF EXISTS `tables`;
/*!40101 SET @saved_cs_client     = @@character_set_client */;
/*!40101 SET character_set_client = utf8 */;
CREATE TABLE `tables` (
  `id` int(11) NOT NULL AUTO_INCREMENT,
  `number_of_peoples` int(11) DEFAULT NULL,
  `description` text,
  `date` datetime DEFAULT NULL,
  `price` int(11) DEFAULT NULL,
  `type_table` int(11) DEFAULT NULL,
  `status` int(11) DEFAULT NULL,
  `created_at` datetime NOT NULL,
  `updated_at` datetime NOT NULL,
  `image` varchar(255) DEFAULT NULL,
  PRIMARY KEY (`id`)
) ENGINE=InnoDB AUTO_INCREMENT=25 DEFAULT CHARSET=utf8;
/*!40101 SET character_set_client = @saved_cs_client */;

--
-- Dumping data for table `tables`
--

LOCK TABLES `tables` WRITE;
/*!40000 ALTER TABLE `tables` DISABLE KEYS */;
INSERT INTO `tables` VALUES (1,1,'Gloin','2018-06-16 00:00:00',2,0,2,'2018-06-21 03:15:08','2018-06-26 04:33:30','table2.jpg'),(2,1,'William (Bill Huggins)','2018-06-16 00:00:00',2,1,2,'2018-06-21 03:15:08','2018-06-21 03:15:08',NULL),(3,1,'Roac','2018-06-16 00:00:00',2,0,2,'2018-06-21 03:15:08','2018-06-21 03:15:08',NULL),(4,1,'Dori','2018-06-16 00:00:00',2,1,2,'2018-06-21 03:15:08','2018-06-21 03:15:08',NULL),(5,2,'Golfimbul','2018-06-16 00:00:00',4,0,2,'2018-06-21 03:15:08','2018-06-21 03:15:08',NULL),(6,2,'Bombur','2018-06-16 00:00:00',4,1,2,'2018-06-21 03:15:08','2018-06-21 03:15:08',NULL),(7,2,'Carc','2018-06-16 00:00:00',4,0,2,'2018-06-21 03:15:08','2018-06-21 03:15:08',NULL),(8,2,'Dori','2018-06-16 00:00:00',4,1,2,'2018-06-21 03:15:08','2018-06-21 03:15:08',NULL),(9,3,'Galion','2018-06-16 00:00:00',6,0,2,'2018-06-21 03:15:08','2018-06-21 03:15:08',NULL),(10,3,'Nori','2018-06-16 00:00:00',6,1,2,'2018-06-21 03:15:08','2018-06-21 03:15:08',NULL),(11,3,'Galion','2018-06-16 00:00:00',6,0,2,'2018-06-21 03:15:08','2018-06-21 03:15:08',NULL),(12,3,'Dain','2018-06-16 00:00:00',6,1,2,'2018-06-21 03:15:08','2018-06-21 03:15:08',NULL),(13,4,'Galion','2018-06-16 00:00:00',8,0,2,'2018-06-21 03:15:08','2018-06-21 03:15:08',NULL),(14,4,'Bombur','2018-06-16 00:00:00',8,1,2,'2018-06-21 03:15:08','2018-06-21 03:15:08',NULL),(15,4,'The Great Goblin','2018-06-16 00:00:00',8,0,2,'2018-06-21 03:15:08','2018-06-21 03:15:08',NULL),(16,4,'Galion','2018-06-16 00:00:00',8,1,2,'2018-06-21 03:15:08','2018-06-21 03:15:08',NULL),(17,5,'Gollum','2018-06-16 00:00:00',10,0,2,'2018-06-21 03:15:08','2018-06-21 03:15:08',NULL),(18,5,'Beorn','2018-06-16 00:00:00',10,1,2,'2018-06-21 03:15:08','2018-06-21 03:15:08',NULL),(19,5,'Golfimbul','2018-06-16 00:00:00',10,0,2,'2018-06-21 03:15:08','2018-06-21 03:15:08',NULL),(20,5,'Roac','2018-06-16 00:00:00',10,1,2,'2018-06-21 03:15:08','2018-06-21 03:15:08',NULL),(21,6,'Carc','2018-06-16 00:00:00',12,0,2,'2018-06-21 03:15:08','2018-06-21 03:15:08',NULL),(22,6,'Golfimbul','2018-06-16 00:00:00',12,1,2,'2018-06-21 03:15:08','2018-06-21 03:15:08',NULL),(23,6,'Dain','2018-06-16 00:00:00',12,0,2,'2018-06-21 03:15:08','2018-06-21 03:15:08',NULL),(24,6,'Radagast','2018-06-16 00:00:00',12,1,2,'2018-06-21 03:15:08','2018-06-21 03:15:08',NULL);
/*!40000 ALTER TABLE `tables` ENABLE KEYS */;
UNLOCK TABLES;

--
-- Table structure for table `users`
--

DROP TABLE IF EXISTS `users`;
/*!40101 SET @saved_cs_client     = @@character_set_client */;
/*!40101 SET character_set_client = utf8 */;
CREATE TABLE `users` (
  `id` int(11) NOT NULL AUTO_INCREMENT,
  `email` varchar(255) NOT NULL DEFAULT '',
  `encrypted_password` varchar(255) NOT NULL DEFAULT '',
  `name` varchar(255) DEFAULT NULL,
  `address` varchar(255) DEFAULT NULL,
  `phone` varchar(255) DEFAULT NULL,
  `date_of_birth` date DEFAULT NULL,
  `permission` int(11) NOT NULL DEFAULT '0',
  `reset_password_token` varchar(255) DEFAULT NULL,
  `reset_password_sent_at` datetime DEFAULT NULL,
  `remember_created_at` datetime DEFAULT NULL,
  `sign_in_count` int(11) NOT NULL DEFAULT '0',
  `current_sign_in_at` datetime DEFAULT NULL,
  `last_sign_in_at` datetime DEFAULT NULL,
  `current_sign_in_ip` varchar(255) DEFAULT NULL,
  `last_sign_in_ip` varchar(255) DEFAULT NULL,
  `confirmation_token` varchar(255) DEFAULT NULL,
  `confirmed_at` datetime DEFAULT NULL,
  `confirmation_sent_at` datetime DEFAULT NULL,
  `unconfirmed_email` varchar(255) DEFAULT NULL,
  `created_at` datetime NOT NULL,
  `updated_at` datetime NOT NULL,
  PRIMARY KEY (`id`),
  UNIQUE KEY `index_users_on_email` (`email`),
  UNIQUE KEY `index_users_on_reset_password_token` (`reset_password_token`)
) ENGINE=InnoDB AUTO_INCREMENT=34 DEFAULT CHARSET=utf8;
/*!40101 SET character_set_client = @saved_cs_client */;

--
-- Dumping data for table `users`
--

LOCK TABLES `users` WRITE;
/*!40000 ALTER TABLE `users` DISABLE KEYS */;
INSERT INTO `users` VALUES (1,'framgia@framgia.framgia','$2a$11$aPTQc2Loo2C56lT./GPwx.qUnBTfufUQAiK3vxypAhDyI68OYP6Ou','framgia','framgia','framgia',NULL,0,NULL,NULL,NULL,0,NULL,NULL,NULL,NULL,'9-nKN8jCozAxXRdoPHXq',NULL,'2018-06-21 03:13:06',NULL,'2018-06-21 03:13:06','2018-06-21 03:13:06'),(2,'example-1@gmail.com','$2a$11$gYpR4I5.VLD.EbVRy0hZOu1CZRSJmraK5oxnQtN0XF.x/CzJjE7SK','Jarvis Lowe','40902 Elliott Views','1-683-537-2487 x53113',NULL,0,NULL,NULL,NULL,0,NULL,NULL,NULL,NULL,'xh21jPZbgyJ-z7YtkoZ7',NULL,'2018-06-21 03:13:11',NULL,'2018-06-21 03:13:11','2018-06-21 03:13:11'),(3,'example-2@gmail.com','$2a$11$fZgtKVFg682Pl9YNzrLcC.9Je.zmA3XqFyXikVR048XXiDvw6h9Yu','Dagmar Brakus','2440 Naomi Burgs','284-009-6944 x369',NULL,0,NULL,NULL,NULL,0,NULL,NULL,NULL,NULL,'oMhHDuh1pjFcX_T9xVQi',NULL,'2018-06-21 03:13:14',NULL,'2018-06-21 03:13:14','2018-06-21 03:13:14'),(4,'example-3@gmail.com','$2a$11$15ORgn/PUc/HXTH2lAbPF.s57dnXEfQJzbgKNp/9RPlAoJKNDOMWy','Sierra Mertz','12492 Brandy Harbors','(793) 376-7053 x3966',NULL,0,NULL,NULL,NULL,0,NULL,NULL,NULL,NULL,'7zVXHsJUwK-LTW15KEt_',NULL,'2018-06-21 03:13:18',NULL,'2018-06-21 03:13:18','2018-06-21 03:13:18'),(5,'example-4@gmail.com','$2a$11$rLLEmkoVw7IMnmlkatoXMOqr3a9xE3wzsbKo/0PrhlcZP49jmCdsC','Enid Hilll','52822 Quitzon Manor','1-451-211-9755 x2883',NULL,0,NULL,NULL,NULL,0,NULL,NULL,NULL,NULL,'RG2T-Zq26B3-dQJmg1Yv',NULL,'2018-06-21 03:13:22',NULL,'2018-06-21 03:13:22','2018-06-21 03:13:22'),(6,'example-5@gmail.com','$2a$11$LR7xI6dUY.BXW6SqmQDs2OwtawoWhDpoND3.mC6.GCfnVpzU4VzbK','Alec Corwin','32643 Cummerata Path','(191) 782-8916',NULL,0,NULL,NULL,NULL,0,NULL,NULL,NULL,NULL,'Qp-z-5FjZNUnyzvVGtPq',NULL,'2018-06-21 03:13:26',NULL,'2018-06-21 03:13:26','2018-06-21 03:13:26'),(7,'example-6@gmail.com','$2a$11$FgRUvfu1HQO00d0E9dEiWucj.xdj8fq17zpin/QDdrHD8yV7bJqmm','Dr. Torey Borer','730 Stokes Port','1-730-308-7063',NULL,0,NULL,NULL,NULL,0,NULL,NULL,NULL,NULL,'yQPMfa4-ywmd1CAEiQVy',NULL,'2018-06-21 03:13:30',NULL,'2018-06-21 03:13:30','2018-06-21 03:13:30'),(8,'example-7@gmail.com','$2a$11$F5ZAXOtfH0W2tDloYcSQbOh9etcMQFCa6.DRX5QxTqW4JBw2fvoY2','Ms. Baylee Little','6736 Corkery Oval','844.020.3619 x27785',NULL,0,NULL,NULL,NULL,0,NULL,NULL,NULL,NULL,'6UsvAaswiBp3MXqsUtJw',NULL,'2018-06-21 03:13:34',NULL,'2018-06-21 03:13:34','2018-06-21 03:13:34'),(9,'example-8@gmail.com','$2a$11$mgEqIO.pR0KAiKMbnsF/.uOCy233XVRmT9r0LufmG8eeVgbzXHq3C','Dusty Wehner','534 Keagan Fields','(462) 372-0830 x7516',NULL,0,NULL,NULL,NULL,0,NULL,NULL,NULL,NULL,'rmTKNvQZDJyQ8iy-XiDL',NULL,'2018-06-21 03:13:37',NULL,'2018-06-21 03:13:37','2018-06-21 03:13:37'),(10,'example-9@gmail.com','$2a$11$ULWLA/T2cuYU37HIGNKbT.6ZTkoHng58EInpwTOBneXEATx6Xk1Ya','Kane Hammes PhD','257 Konopelski Cliff','(489) 837-1910 x566',NULL,0,NULL,NULL,NULL,0,NULL,NULL,NULL,NULL,'LkP3QjmhRB6qiw6qLmkC',NULL,'2018-06-21 03:13:41',NULL,'2018-06-21 03:13:41','2018-06-21 03:13:41'),(11,'example-10@gmail.com','$2a$11$9YBbSIZ.tH21Q8ELJ7dqOePKP/ly7pC0qw0lPfgGaekouunrMtTKG','Julius Price','1137 Ansley Plaza','720-346-1878 x80479',NULL,0,NULL,NULL,NULL,0,NULL,NULL,NULL,NULL,'YduiyPhWzBQVPyrmMxqf',NULL,'2018-06-21 03:13:45',NULL,'2018-06-21 03:13:45','2018-06-21 03:13:45'),(12,'example-11@gmail.com','$2a$11$QtHvuhlFb0SBmoqcZOXld.N1zIOKy.25RtISct/Nomr0C/1wNpy62','Viviane Koss','2286 Littel Squares','123.828.9454 x01289',NULL,0,NULL,NULL,NULL,0,NULL,NULL,NULL,NULL,'pyLdwa_txzxPCKryn8B8',NULL,'2018-06-21 03:13:49',NULL,'2018-06-21 03:13:49','2018-06-21 03:13:49'),(13,'example-12@gmail.com','$2a$11$tJYPAE2drKluOZE4QDz/Puht9sko6fzzIkkWGBAVg.m.F9S1g3Pby','Mr. Queenie Johnson','68638 Rice Walk','458.369.0392 x86830',NULL,0,NULL,NULL,NULL,0,NULL,NULL,NULL,NULL,'UWEmzg4Ysx5xys2b8965',NULL,'2018-06-21 03:13:53',NULL,'2018-06-21 03:13:53','2018-06-21 03:13:53'),(14,'example-13@gmail.com','$2a$11$sLHsjYgA/Qi4DhktiYT7Su8AsH1Njh5XZrZEnDkDYQWKr9eWyokl2','Lisette Hegmann','583 Theresa Stravenue','455.668.4764 x585',NULL,0,NULL,NULL,NULL,0,NULL,NULL,NULL,NULL,'pyDv-NNyPbAQhZy5e_qH',NULL,'2018-06-21 03:13:57',NULL,'2018-06-21 03:13:57','2018-06-21 03:13:57'),(15,'example-14@gmail.com','$2a$11$iWavuohSlB158bMrPDo1FOF4UaHyq5dJd9ZKjmwxJw03eSGB7ap7e','Ms. Leonel Huel','32087 Bryce Well','565.401.0186 x542',NULL,0,NULL,NULL,NULL,0,NULL,NULL,NULL,NULL,'K3-4ESGqpyDsd3hWkDcz',NULL,'2018-06-21 03:14:01',NULL,'2018-06-21 03:14:01','2018-06-21 03:14:01'),(16,'example-15@gmail.com','$2a$11$x4iHKSPH6.jQlNls.A1/SekI7Uv7/y4PNYe17CpQzGhbUt9iEv1gW','Giovanna Thiel','7773 Frederick Crest','1-555-531-0637 x06765',NULL,0,NULL,NULL,NULL,0,NULL,NULL,NULL,NULL,'neW3rGuqKijtrifseiZC',NULL,'2018-06-21 03:14:05',NULL,'2018-06-21 03:14:05','2018-06-21 03:14:05'),(17,'example-16@gmail.com','$2a$11$A6KFfbu5UcLqsLW5HEG13.acTnum0yXU1NpG2ShfptvZgOedr.wJe','Eula Reichel','78707 Alfonso Crossing','(588) 047-2233 x7160',NULL,0,NULL,NULL,NULL,0,NULL,NULL,NULL,NULL,'95xvkvrjvbR2RY5TAhgU',NULL,'2018-06-21 03:14:09',NULL,'2018-06-21 03:14:09','2018-06-21 03:14:09'),(18,'example-17@gmail.com','$2a$11$hfxiMu3Wnh1sXnsruQRMMOJo401vvsKcn4w01pZr9CHIX/0D3HgQy','Morton Eichmann IV','802 Chloe Squares','(181) 431-4910',NULL,0,NULL,NULL,NULL,0,NULL,NULL,NULL,NULL,'_RJNhPFmzey9Y81n8Y8J',NULL,'2018-06-21 03:14:13',NULL,'2018-06-21 03:14:13','2018-06-21 03:14:13'),(19,'example-18@gmail.com','$2a$11$mbZILe1.dZccJ003qyIS2.F7Ncdy1R8oKhRhAJFw/VDo4sPeyEosC','Mr. Selena Walker','29376 Dach Street','153-909-3330 x636',NULL,0,NULL,NULL,NULL,0,NULL,NULL,NULL,NULL,'6FZVNFomYD7BWWynuVzs',NULL,'2018-06-21 03:14:17',NULL,'2018-06-21 03:14:17','2018-06-21 03:14:17'),(20,'example-19@gmail.com','$2a$11$xXhXpF6Omr6T7yBS4mQYUOc6mP3623tTqxgsh8lH7ULqwDJIwuXkq','Gwen Halvorson DDS','7314 Julie Forest','(589) 088-0363 x82648',NULL,0,NULL,NULL,NULL,0,NULL,NULL,NULL,NULL,'NC2aHLFa3VWv9yAAKS8k',NULL,'2018-06-21 03:14:21',NULL,'2018-06-21 03:14:21','2018-06-21 03:14:21'),(21,'example-20@gmail.com','$2a$11$psXa.2gCc9LdBFiMGMhraOujBTi5gF3FcYmCPXS.yotIoIhkpl0se','Darrin Moen','15638 Faustino Throughway','226-121-5973 x714',NULL,0,NULL,NULL,NULL,0,NULL,NULL,NULL,NULL,'q5C5QfyiaQzpb7ArDvZs',NULL,'2018-06-21 03:14:25',NULL,'2018-06-21 03:14:25','2018-06-21 03:14:25'),(22,'example-21@gmail.com','$2a$11$At1eDv.K8yKx9mg.mVUnvexDLud3k95LmvQZGpDw7LLqzWY/9PzHq','Miss Ernestina Witting','1515 Kathryn Manors','(124) 444-2910 x134',NULL,0,NULL,NULL,NULL,0,NULL,NULL,NULL,NULL,'1_WHRPCULkxMm9K9ZSxp',NULL,'2018-06-21 03:14:28',NULL,'2018-06-21 03:14:28','2018-06-21 03:14:28'),(23,'example-22@gmail.com','$2a$11$e8OWYgfOIXLWy1Y06oQ/uefjCkTycaeQiK42isuqFSeKx6Z5qOijm','Maryam Bernhard','4214 Kaley Springs','1-720-958-4431',NULL,0,NULL,NULL,NULL,0,NULL,NULL,NULL,NULL,'sME8X3mza8nyE-nrz8uM',NULL,'2018-06-21 03:14:32',NULL,'2018-06-21 03:14:32','2018-06-21 03:14:32'),(24,'example-23@gmail.com','$2a$11$iSlLHf4K4SZjA7eJLV3oM.CxnTN4ij81uX5tHKoBUsov.cftHB/Wm','Hayden Maggio III','9038 Nola Stravenue','1-842-625-8410 x364',NULL,0,NULL,NULL,NULL,0,NULL,NULL,NULL,NULL,'M7z2uEN_hybCoAKZnumA',NULL,'2018-06-21 03:14:36',NULL,'2018-06-21 03:14:36','2018-06-21 03:14:36'),(25,'example-24@gmail.com','$2a$11$Qlp8fVi1JP3vh80H8tG65.fiacfZoVr0qN1IJ3YVLeulxia7hpp1u','Dandre O\'Keefe','589 Newton Estates','1-363-038-1762',NULL,0,NULL,NULL,NULL,0,NULL,NULL,NULL,NULL,'9qFwaGBP2ZP8EwjsVE_-',NULL,'2018-06-21 03:14:40',NULL,'2018-06-21 03:14:40','2018-06-21 03:14:40'),(26,'example-25@gmail.com','$2a$11$x90Xz5hfbayISUnbOSZQr.1FYQdpUfWbnyJ/2dVsKPUmGMrWTAsxe','Judy Kutch','4048 Myrtis Ports','773.595.5028',NULL,0,NULL,NULL,NULL,0,NULL,NULL,NULL,NULL,'5Zs6y6bzrT-bTwTcm4KW',NULL,'2018-06-21 03:14:44',NULL,'2018-06-21 03:14:44','2018-06-21 03:14:44'),(27,'example-26@gmail.com','$2a$11$6uP/5.z.gNtPZMfqIz2LrOZ9eNJBg7Wy0GZxxxR9nDfPv66tgIr4q','Brandt Shanahan','7284 Willow River','604.075.6455 x968',NULL,0,NULL,NULL,NULL,0,NULL,NULL,NULL,NULL,'h4zN18DFgfG6KHy_tYBm',NULL,'2018-06-21 03:14:48',NULL,'2018-06-21 03:14:48','2018-06-21 03:14:48'),(28,'example-27@gmail.com','$2a$11$O6UXdUhYCgfGrqw50fRdTO.5B8zk1s.oxXIiMy0pmepaaEbD8f.iC','Elnora Reichel','27984 Berge Lights','(311) 305-3427 x22216',NULL,0,NULL,NULL,NULL,0,NULL,NULL,NULL,NULL,'hzfBN3tQjQzz5sWhe_Sp',NULL,'2018-06-21 03:14:52',NULL,'2018-06-21 03:14:52','2018-06-21 03:14:52'),(29,'example-28@gmail.com','$2a$11$IOrrTSR2afgvQj6V5IClUulK.4ubH/mUoMCIOIcwxPLxmPa05A5NS','Roscoe Hermiston','61764 Shania Mount','(711) 892-6206',NULL,0,NULL,NULL,NULL,0,NULL,NULL,NULL,NULL,'qmJvRzdw6Mu94Y5aoTbP',NULL,'2018-06-21 03:14:56',NULL,'2018-06-21 03:14:56','2018-06-21 03:14:56'),(30,'example-29@gmail.com','$2a$11$2jA.pOPh2QBJdltSC8jDyOpo8s1.9yTH0dPth.jFvpf2WiYBbfanW','Ms. Brooks Zieme','52259 Elmer Fords','1-877-445-8717 x66009',NULL,0,NULL,NULL,NULL,0,NULL,NULL,NULL,NULL,'Srh5UtZ8B-FHS8MhgpwE',NULL,'2018-06-21 03:15:00',NULL,'2018-06-21 03:15:00','2018-06-21 03:15:00'),(31,'example-30@gmail.com','$2a$11$QBi.Sr0IIxDHfP7tOdVvxO4vxiRjZFVyF.b66uAjeUnmH2dzBpBI.','Flossie Jacobson','61882 Stanton Port','1-817-651-8434',NULL,0,NULL,NULL,NULL,0,NULL,NULL,NULL,NULL,'xkefnrEeXxXyotcs1rDB',NULL,'2018-06-21 03:15:04',NULL,'2018-06-21 03:15:04','2018-06-21 03:15:04'),(32,'nguyen.phi.viet@framgia.com','$2a$11$guDAPpEtTGYfV/hvT8bAku6RNsbzcAyvUptzDj7WFXUPvD2OCT/Ya','Viet Nguyen Phi',NULL,NULL,NULL,0,NULL,NULL,NULL,14,'2018-07-02 03:45:38','2018-06-27 02:24:11','127.0.0.1','127.0.0.1',NULL,'2018-06-21 04:29:33',NULL,NULL,'2018-06-21 04:29:33','2018-07-02 03:45:38'),(33,'phiviet.16.06.1994@gmail.com','$2a$11$/nOwnHiqbwiLn3ZzkBMiuuvdbRT.gCe6f3oO/WnQIVjngcH37Q4Kq','viet nguyen phi',NULL,NULL,NULL,0,NULL,NULL,NULL,1,'2018-06-26 04:19:39','2018-06-26 04:19:39','127.0.0.1','127.0.0.1',NULL,'2018-06-26 04:19:39',NULL,NULL,'2018-06-26 04:19:39','2018-06-26 04:19:39');
/*!40000 ALTER TABLE `users` ENABLE KEYS */;
UNLOCK TABLES;
/*!40103 SET TIME_ZONE=@OLD_TIME_ZONE */;

/*!40101 SET SQL_MODE=@OLD_SQL_MODE */;
/*!40014 SET FOREIGN_KEY_CHECKS=@OLD_FOREIGN_KEY_CHECKS */;
/*!40014 SET UNIQUE_CHECKS=@OLD_UNIQUE_CHECKS */;
/*!40101 SET CHARACTER_SET_CLIENT=@OLD_CHARACTER_SET_CLIENT */;
/*!40101 SET CHARACTER_SET_RESULTS=@OLD_CHARACTER_SET_RESULTS */;
/*!40101 SET COLLATION_CONNECTION=@OLD_COLLATION_CONNECTION */;
/*!40111 SET SQL_NOTES=@OLD_SQL_NOTES */;

-- Dump completed on 2018-09-12 10:24:58
